id	rate
95603	0.08778751219762625
30092	-0.6461555274589343
41503	-0.3250554476091891
45780	-0.6002840874803993
77351	2.0831951512639
41501	0.6841162319185817
68144	-0.3938626075769916
22191	-0.30211972761992156
92683	-0.04982680773797885
22192	0.6382447919400467
22193	-0.5314769275125967
92688	-0.2562482876413865
17098	-0.6232198074696668
95630	-0.026891087748711337
24301	-0.233312567652119
93637	-0.18744112767358395
76227	-0.6461555274589343
97862	-0.5773483674911317
44654	-0.6002840874803993
30097	-0.46266976754479416
50010	3.3217240306843463
77340	-0.6232198074696668
08724	-0.18744112767358395
08723	-0.6002840874803993
92675	-0.4856054875340617
68131	1.326316391618072
68130	0.5006304720044416
92673	-0.46266976754479416
05478	-0.46266976754479416
92677	-0.6461555274589343
68137	-0.6461555274589343
44667	-0.6002840874803993
77346	-0.6002840874803993
74344	0.2712732721117664
08721	-0.6461555274589343
50021	0.2712732721117664
50023	-0.6232198074696668
76210	0.5694376319722441
20705	0.11072323218689377
20706	-0.3938626075769916
98229	-0.6690912474482018
14813	-0.6232198074696668
16148	-0.4856054875340617
98225	-0.46266976754479416
94705	-0.3709268875877241
14814	-0.3938626075769916
98226	-0.21037684766285147
94706	-0.6461555274589343
77338	-0.46266976754479416
77339	0.11072323218689377
98221	-0.5544126475018643
94709	-0.6461555274589343
17033	3.5740169505662887
34476	0.24833755212249886
34474	1.1198949117146644
34470	-0.5314769275125967
17901	0.9134734318112567
34471	2.702459590974123
16146	-0.16450540768431643
07649	-0.233312567652119
07646	-0.6690912474482018
16142	-0.6690912474482018
07645	0.13365895217616128
81003	-0.34799116759845655
81004	0.1565946721654288
27932	0.2942089921010339
81001	-0.30211972761992156
07652	0.47769475201517403
81008	0.5694376319722441
81005	-0.3709268875877241
77327	0.40888759204737146
37303	-0.4856054875340617
30912	1.1428306317039318
17022	-0.5085412075233292
30905	-0.6690912474482018
94720	-0.6461555274589343
30904	-0.5773483674911317
30907	-0.026891087748711337
26452	-0.2562482876413865
30909	0.34008043207956895
98208	-0.5085412075233292
87401	0.041916072219091216
51101	0.17953039215469632
27018	-0.5773483674911317
76266	-0.4167983275662591
17050	-0.11863396770578141
17055	-0.5085412075233292
51106	0.018980352229823697
27909	-0.4167983275662591
51104	-0.5085412075233292
71603	0.5694376319722441
98204	0.13365895217616128
71601	-0.04982680773797885
98201	0.8446662718434542
17057	-0.46266976754479416
34491	0.8905377118219893
37331	-0.6461555274589343
07624	-0.3709268875877241
44691	-0.43973404755552664
75093	0.6841162319185817
76262	-0.6461555274589343
07628	-0.30211972761992156
75092	0.34008043207956895
75090	-0.27918400763065404
14802	-0.6232198074696668
14801	-0.6461555274589343
84721	-0.2562482876413865
84720	-0.18744112767358395
56560	-0.4167983275662591
77304	1.1428306317039318
07632	-0.14156968769504893
54548	-0.5314769275125967
75089	-0.6232198074696668
97838	-0.6232198074696668
45750	-0.3709268875877241
27910	-0.026891087748711337
07630	-0.18744112767358395
87413	-0.27918400763065404
75088	-0.43973404755552664
07631	0.8217305518541868
17042	0.7987948318649192
17044	-0.6232198074696668
37324	-0.6002840874803993
83276	-0.6461555274589343
17049	-0.5314769275125967
37321	-0.3938626075769916
75082	0.041916072219091216
75080	0.041916072219091216
75081	-0.6002840874803993
84770	-0.18744112767358395
50801	-0.6232198074696668
20740	0.3630161520688365
54552	-0.6002840874803993
95695	-0.4167983275662591
98264	-0.6002840874803993
20747	-0.5085412075233292
85375	-0.16450540768431643
75075	1.3951235515858746
85377	-0.6002840874803993
75840	-0.6461555274589343
20744	0.08778751219762625
97801	-0.4856054875340617
85374	0.385951872058104
20745	-0.003955367759443821
29212	-0.5773483674911317
56573	-0.5773483674911317
75074	-0.6690912474482018
07601	0.385951872058104
75071	0.08778751219762625
85147	-0.6690912474482018
30009	-0.5544126475018643
84780	-0.5773483674911317
95688	0.13365895217616128
97814	-0.6232198074696668
85364	3.1611739907594734
52302	-0.5773483674911317
20735	2.6336524310063205
75069	-0.16450540768431643
30004	-0.21037684766285147
29204	-0.026891087748711337
29203	1.096959191725397
29201	-0.43973404755552664
75061	0.9134734318112567
75063	-0.6461555274589343
98251	-0.6690912474482018
06504	-0.27918400763065404
68198	1.3951235515858746
17011	1.1198949117146644
64658	-0.6690912474482018
30901	3.229981150727276
17015	-0.6232198074696668
17961	-0.6690912474482018
72205	10.844640187164092
30019	-0.4167983275662591
17013	-0.6690912474482018
20720	-0.3250554476091891
06511	0.13365895217616128
06510	2.5419095510492506
30017	-0.5773483674911317
30014	-0.003955367759443821
57110	-0.6690912474482018
75057	-0.43973404755552664
30012	0.385951872058104
85139	-0.5544126475018643
30013	0.08778751219762625
52314	-0.43973404755552664
45701	0.11072323218689377
85395	-0.18744112767358395
28501	-0.5544126475018643
52317	-0.6690912474482018
28504	-0.27918400763065404
14830	-0.09569824771651389
75054	-0.4856054875340617
75052	-0.46266976754479416
75051	-0.07276252772724637
06512	-0.16450540768431643
06513	-0.6002840874803993
06514	-0.5773483674911317
06518	0.20246611214396384
06519	0.3630161520688365
67124	-0.6461555274589343
36801	0.431823312036639
06520	-0.6461555274589343
98237	-0.6232198074696668
85122	-0.6461555274589343
98239	-0.6461555274589343
14845	0.1565946721654288
30024	-0.18744112767358395
85128	-0.43973404755552664
20711	-0.4856054875340617
14843	0.2712732721117664
20710	0.4547590320259065
85382	-0.14156968769504893
75042	-0.14156968769504893
20716	-0.27918400763065404
20715	0.24833755212249886
57108	0.11072323218689377
57106	-0.6690912474482018
20707	0.431823312036639
75040	-0.2562482876413865
57105	1.3951235515858746
57104	0.018980352229823697
85381	0.34008043207956895
29223	-0.2562482876413865
93004	-0.6232198074696668
46151	-0.6232198074696668
93003	0.523566191993709
37096	0.20246611214396384
33040	-0.04982680773797885
37091	-0.6461555274589343
07876	-0.34799116759845655
20906	-0.6232198074696668
75182	-0.5773483674911317
20912	-0.5085412075233292
22903	-0.5773483674911317
30223	-0.6690912474482018
29910	-0.21037684766285147
70301	-0.46266976754479416
22902	0.018980352229823697
07871	0.8446662718434542
16401	-0.6232198074696668
20910	0.6382447919400467
84078	-0.5773483674911317
46156	-0.6461555274589343
30228	-0.6690912474482018
63401	-0.09569824771651389
60103	-0.3938626075769916
46158	-0.6690912474482018
60102	0.018980352229823697
60101	-0.3938626075769916
84074	-0.5773483674911317
33952	0.11072323218689377
60108	-0.04982680773797885
33950	-0.5085412075233292
06320	0.9134734318112567
33050	-0.6002840874803993
62903	-0.5314769275125967
37087	-0.07276252772724637
33054	-0.6461555274589343
90247	-0.34799116759845655
90248	-0.5544126475018643
07869	-0.6002840874803993
90245	-0.5085412075233292
28054	1.2116377916717345
93010	0.06485179220835872
01450	-0.6232198074696668
90241	-0.09569824771651389
29033	-0.233312567652119
90242	-0.18744112767358395
95337	-0.233312567652119
01453	0.7070519519078492
74066	-0.34799116759845655
78756	0.7299876718971168
29902	-0.233312567652119
07860	-0.5544126475018643
33948	-0.6461555274589343
78752	-0.6002840874803993
78751	-0.6690912474482018
95338	-0.6690912474482018
30213	-0.5544126475018643
66209	-0.18744112767358395
73601	-0.6232198074696668
20037	2.1978737512102375
30214	0.6382447919400467
30215	-0.11863396770578141
66204	0.47769475201517403
46168	-0.4856054875340617
84088	-0.5544126475018643
78758	1.9685165513175626
78757	-0.3250554476091891
20032	-0.4856054875340617
78759	1.0740234717361294
46131	0.22540183213323134
33021	1.6244807514785498
69145	-0.3250554476091891
33020	-0.2562482876413865
37076	-0.5544126475018643
37075	0.17953039215469632
94598	0.2942089921010339
36693	-0.5773483674911317
20060	0.2712732721117664
84093	-0.46266976754479416
94599	-0.5773483674911317
84094	-0.6002840874803993
36695	0.11072323218689377
94595	-0.43973404755552664
75160	-0.6232198074696668
90255	-0.09569824771651389
94590	-0.30211972761992156
29006	-0.5314769275125967
37072	0.6153090719507791
12601	3.6428241105340913
74037	-0.6690912474482018
22922	-0.6461555274589343
95348	-0.6232198074696668
01463	-0.30211972761992156
33028	0.5694376319722441
84095	-0.6232198074696668
97015	-0.3938626075769916
84098	-0.6461555274589343
33026	-0.3938626075769916
62901	3.7804384304696965
33027	0.7529233918863841
33024	-0.2562482876413865
17268	-0.34799116759845655
33025	-0.6461555274589343
33971	-0.46266976754479416
46135	-0.6232198074696668
08691	-0.5773483674911317
68522	-0.5544126475018643
08690	0.041916072219091216
68521	-0.4856054875340617
30204	-0.5773483674911317
33030	-0.5314769275125967
46143	-0.3709268875877241
37064	-0.07276252772724637
46142	-0.6232198074696668
33031	-0.27918400763065404
46140	-0.4167983275662591
37067	-0.5314769275125967
22908	4.330895710212117
90266	-0.3938626075769916
28034	-0.21037684766285147
28031	-0.43973404755552664
75961	0.7529233918863841
21502	-0.21037684766285147
22911	0.5465019119829766
97006	-0.6232198074696668
95358	-0.6461555274589343
33966	-0.6461555274589343
97008	-0.5314769275125967
95355	2.2208094711995052
22101	0.1565946721654288
95351	-0.5773483674911317
95350	0.34008043207956895
82716	-0.5085412075233292
40769	-0.6461555274589343
08638	-0.14156968769504893
28025	0.7987948318649192
30260	-0.5773483674911317
07834	1.1198949117146644
97030	-0.3938626075769916
74017	-0.6461555274589343
20003	-0.5773483674911317
20002	0.431823312036639
33991	-0.5544126475018643
95361	-0.3250554476091891
97031	-0.6461555274589343
30269	-0.3709268875877241
33990	0.11072323218689377
95363	-0.6690912474482018
78727	0.8217305518541868
84032	-0.5773483674911317
53121	-0.026891087748711337
13104	-0.27918400763065404
78723	-0.6461555274589343
78721	-0.5544126475018643
84037	-0.6461555274589343
20007	1.80796651139269
74012	0.34008043207956895
73651	-0.6461555274589343
20009	0.31714471209030143
30265	-0.18744112767358395
20008	-0.5314769275125967
28012	-0.5085412075233292
58316	-0.6690912474482018
90201	-0.4856054875340617
13110	-0.6690912474482018
08648	1.1198949117146644
41035	-0.14156968769504893
46122	-0.5773483674911317
41031	-0.43973404755552664
33980	-0.5544126475018643
73644	-0.3250554476091891
84047	-0.6461555274589343
95370	0.13365895217616128
46123	-0.30211972761992156
32456	-0.6461555274589343
95376	0.5465019119829766
84043	-0.5773483674911317
53132	-0.3709268875877241
84041	0.431823312036639
28801	4.4914457501369895
30253	0.08778751219762625
30252	-0.16450540768431643
28804	-0.6461555274589343
28803	0.2712732721117664
74023	-0.6002840874803993
15370	0.20246611214396384
90211	3.229981150727276
90210	0.431823312036639
90212	-0.34799116759845655
28001	0.6382447919400467
33064	0.4547590320259065
33065	-0.3250554476091891
69101	0.9364091518005243
33062	-0.6690912474482018
95380	-0.6002840874803993
33063	-0.6232198074696668
33060	-0.6232198074696668
55455	0.08778751219762625
78746	-0.14156968769504893
97058	-0.46266976754479416
21550	-0.21037684766285147
33068	-0.6002840874803993
95382	-0.5314769275125967
73632	-0.21037684766285147
55454	0.11072323218689377
95383	-0.5544126475018643
84057	-0.27918400763065404
33067	-0.3709268875877241
52403	1.280444951639537
53105	-0.6461555274589343
52401	0.4547590320259065
52402	0.5923733519615116
29935	-0.43973404755552664
13126	-0.34799116759845655
30241	-0.5773483674911317
78745	2.8400739109097284
52405	-0.6461555274589343
30240	-0.4167983275662591
90221	-0.6461555274589343
13760	-0.6232198074696668
53916	-0.026891087748711337
41017	0.2942089921010339
14263	-0.18744112767358395
33073	-0.2562482876413865
84060	-0.4167983275662591
33071	-0.6002840874803993
20011	-0.6002840874803993
53110	-0.3250554476091891
84065	-0.5085412075233292
84062	-0.6690912474482018
29928	-0.5773483674911317
20010	1.4409949915644096
20016	-0.04982680773797885
55441	-0.5314769275125967
30236	0.2942089921010339
74006	-0.6002840874803993
55443	-0.5773483674911317
97045	-0.4856054875340617
84067	0.13365895217616128
20019	-0.6232198074696668
20018	-0.5085412075233292
20017	1.096959191725397
78731	0.22540183213323134
55449	-0.43973404755552664
07840	-0.46266976754479416
54615	-0.5773483674911317
53959	-0.6461555274589343
81631	-0.3938626075769916
55437	0.20246611214396384
60181	-0.026891087748711337
43402	-0.04982680773797885
54612	-0.6232198074696668
27703	-0.5773483674911317
75104	-0.4167983275662591
27705	1.9226451113390275
60188	-0.46266976754479416
60187	0.9822805917790594
27704	1.3492521116073397
27707	-0.34799116759845655
60189	0.34008043207956895
72601	0.5006304720044416
55432	0.9822805917790594
55431	-0.6461555274589343
55433	0.431823312036639
42602	-0.5544126475018643
04210	-0.5314769275125967
55435	1.5327378715214797
37760	0.1565946721654288
94533	-0.21037684766285147
94531	0.06485179220835872
94538	1.7391593514248873
94536	-0.5773483674911317
44090	-0.46266976754479416
41858	-0.43973404755552664
44094	0.8446662718434542
94530	-0.4856054875340617
55429	-0.6232198074696668
60173	-0.14156968769504893
75110	-0.6232198074696668
55428	0.7070519519078492
55427	-0.6690912474482018
27710	1.5786093115000148
53948	-0.6461555274589343
14203	-0.2562482876413865
55426	-0.003955367759443821
81621	-0.5314769275125967
60177	-0.5314769275125967
60175	-0.5544126475018643
14208	-0.5314769275125967
14207	-0.6461555274589343
27713	0.08778751219762625
97067	-0.6461555274589343
75119	-0.026891087748711337
14209	-0.43973404755552664
44857	1.096959191725397
60178	-0.18744112767358395
75901	-0.5544126475018643
55425	-0.5544126475018643
55424	-0.233312567652119
32413	-0.5773483674911317
75904	-0.5773483674911317
55422	0.2712732721117664
92404	0.1565946721654288
37772	-0.46266976754479416
53172	-0.6690912474482018
97062	-0.5085412075233292
41075	-0.003955367759443821
94546	0.5006304720044416
94549	-0.16450540768431643
59405	1.4868664315429447
14217	-0.4856054875340617
53149	-0.4167983275662591
81611	-0.6232198074696668
14215	-0.14156968769504893
55416	-0.3709268875877241
44077	-0.43973404755552664
60160	2.1290665912424354
14214	-0.21037684766285147
55415	-0.2562482876413865
14213	-0.6690912474482018
87544	0.018980352229823697
55417	-0.18744112767358395
53143	-0.2562482876413865
37743	-0.4167983275662591
53142	-0.6461555274589343
37745	1.5556735915107474
94509	-0.5773483674911317
44846	-0.6690912474482018
37748	-0.5085412075233292
60169	-0.07276252772724637
53140	-0.6690912474482018
44074	-0.3709268875877241
40741	-0.34799116759845655
93065	1.0052163117683268
30281	0.08778751219762625
93063	-0.5773483674911317
53963	-0.6461555274589343
14228	-0.2562482876413865
60154	-0.21037684766285147
60153	1.670352191457085
73662	-0.5314769275125967
55408	-0.5544126475018643
60152	0.17953039215469632
30274	0.40888759204737146
55407	0.9134734318112567
14224	-0.233312567652119
54601	0.5006304720044416
55406	-0.4167983275662591
14226	0.018980352229823697
55404	-0.04982680773797885
14225	0.018980352229823697
32433	-0.6690912474482018
55402	-0.6002840874803993
53154	-0.6461555274589343
32435	-0.6461555274589343
55401	-0.6232198074696668
94519	-0.3938626075769916
60156	-0.4856054875340617
41051	-0.6461555274589343
47670	-0.6461555274589343
94526	-0.5314769275125967
94520	-0.3709268875877241
41056	-0.026891087748711337
94523	-0.6690912474482018
53151	1.4409949915644096
39272	-0.4167983275662591
14220	-0.5085412075233292
07801	-0.30211972761992156
14221	0.5465019119829766
14222	-0.4856054875340617
65616	-0.6461555274589343
75149	2.8171381909204607
89705	-0.3709268875877241
89703	-0.233312567652119
60148	0.2942089921010339
65613	-0.5773483674911317
89706	1.5327378715214797
68502	-0.27918400763065404
42642	-0.6690912474482018
31792	-0.233312567652119
07105	-0.3250554476091891
07104	-0.5314769275125967
75142	0.523566191993709
07103	-0.14156968769504893
15317	-0.6002840874803993
68505	0.06485179220835872
76550	-0.6690912474482018
07102	-0.3938626075769916
68506	1.3721878315966072
15314	-0.6690912474482018
60142	-0.6461555274589343
31794	0.9134734318112567
94574	-0.5314769275125967
07109	-0.4167983275662591
44052	-0.27918400763065404
07106	-0.46266976754479416
44053	2.6336524310063205
07107	-0.30211972761992156
44054	-0.6002840874803993
94577	-0.2562482876413865
29063	-0.18744112767358395
94578	-0.11863396770578141
29061	0.08778751219762625
98686	-0.16450540768431643
60137	0.34008043207956895
31788	-0.6002840874803993
60134	-0.30211972761992156
65605	-0.4856054875340617
98684	-0.5314769275125967
25504	-0.34799116759845655
98683	-0.6002840874803993
44067	-0.6461555274589343
43452	-0.6690912474482018
07110	0.5694376319722441
15301	-0.46266976754479416
56164	-0.6461555274589343
60130	-0.6002840874803993
07112	-0.3250554476091891
60131	-0.3938626075769916
07111	-0.2562482876413865
94583	-0.4856054875340617
75150	-0.5085412075233292
44062	-0.5544126475018643
02540	-0.5085412075233292
29072	-0.6232198074696668
94588	-0.026891087748711337
94589	-0.6690912474482018
28092	-0.11863396770578141
53188	1.2575092316502696
32401	1.5098021515322122
66212	-0.34799116759845655
53186	-0.43973404755552664
66211	1.762095071414155
66214	-0.18744112767358395
60123	1.3951235515858746
44889	-0.5085412075233292
66213	-0.3938626075769916
60124	-0.18744112767358395
66215	-0.3709268875877241
60126	0.24833755212249886
67749	-0.6690912474482018
66217	-0.5085412075233292
60122	-0.6232198074696668
74078	-0.6690912474482018
02556	0.385951872058104
32405	2.014387991296098
59474	-0.6461555274589343
74075	-0.6690912474482018
74074	-0.5773483674911317
44883	0.385951872058104
44035	0.385951872058104
93021	-0.46266976754479416
40701	-0.5773483674911317
81648	-0.43973404755552664
46176	-0.46266976754479416
38163	-0.21037684766285147
94558	0.018980352229823697
28083	-0.5085412075233292
94553	-0.6461555274589343
92415	-0.6461555274589343
60118	-0.5773483674911317
49931	-0.6690912474482018
66227	-0.3938626075769916
04240	-0.34799116759845655
60115	-0.4167983275662591
76549	-0.30211972761992156
76542	-0.6690912474482018
76543	-0.6461555274589343
16412	-0.6461555274589343
20901	-0.5773483674911317
20902	1.3033806716288046
20904	0.9822805917790594
44870	-0.2562482876413865
94561	-0.5773483674911317
94563	-0.4167983275662591
93030	-0.11863396770578141
29058	1.1657663516931995
28078	-0.5314769275125967
94568	-0.6002840874803993
94564	-0.3709268875877241
94565	-0.4856054875340617
38157	-0.09569824771651389
93036	-0.026891087748711337
05753	-0.46266976754479416
38132	-0.6232198074696668
38134	0.31714471209030143
44140	-0.6232198074696668
44141	-0.5314769275125967
44147	-0.5544126475018643
76522	-0.6002840874803993
98118	0.041916072219091216
44143	-0.6461555274589343
44144	-0.46266976754479416
44145	0.3630161520688365
44146	0.8905377118219893
31032	-0.04982680773797885
38138	3.2529168707165437
98112	-0.5544126475018643
67002	-0.5544126475018643
98115	-0.5085412075233292
98116	-0.4167983275662591
37814	0.11072323218689377
92354	0.47769475201517403
49862	-0.5544126475018643
44131	-0.026891087748711337
44130	0.9593448717897918
92352	-0.4856054875340617
34606	-0.5544126475018643
79322	-0.5085412075233292
44139	-0.07276252772724637
44136	0.08778751219762625
37804	0.431823312036639
31021	0.7529233918863841
34609	-0.3250554476091891
44133	-0.6690912474482018
98122	-0.18744112767358395
98121	-0.6690912474482018
25438	-0.21037684766285147
49868	-0.6690912474482018
98126	-0.6232198074696668
76513	-0.6690912474482018
34601	0.17953039215469632
98632	0.22540183213323134
98125	-0.6461555274589343
38111	-0.3938626075769916
92346	-0.5085412075233292
35294	0.08778751219762625
92345	-0.5773483674911317
44122	4.147409950297977
47715	-0.5544126475018643
44124	0.6611805119293142
31015	-0.6232198074696668
44125	0.13365895217616128
18071	-0.6002840874803993
44126	-0.233312567652119
44127	-0.5773483674911317
44128	1.1198949117146644
02645	-0.6461555274589343
44129	0.385951872058104
98665	-0.5544126475018643
76504	-0.5544126475018643
25401	0.20246611214396384
38119	1.0740234717361294
98663	-0.6232198074696668
47710	0.34008043207956895
34613	2.335488071145843
23116	-0.2562482876413865
98664	-0.3938626075769916
18078	-0.5773483674911317
49855	-0.026891087748711337
38116	-0.3709268875877241
98662	-0.6461555274589343
38115	-0.5314769275125967
25405	-0.5544126475018643
23113	-0.34799116759845655
76508	1.6474164714678172
98133	-0.5773483674911317
38118	-0.21037684766285147
47714	0.2712732721117664
47713	0.1565946721654288
23111	-0.34799116759845655
38125	-0.6690912474482018
92336	-0.5314769275125967
92335	-0.07276252772724637
38120	2.3125523511565755
18711	-0.14156968769504893
48393	-0.3938626075769916
10591	-0.14156968769504893
48390	-0.46266976754479416
44112	-0.14156968769504893
44113	-0.5314769275125967
44111	0.7758591118756517
02632	0.06485179220835872
44116	-0.6232198074696668
47708	-0.5544126475018643
44115	-0.3250554476091891
04274	-0.6002840874803993
44118	0.3630161520688365
10595	-0.3938626075769916
98144	-0.3250554476091891
10598	0.9134734318112567
38128	-0.5773483674911317
04276	-0.6461555274589343
12572	-0.6461555274589343
12571	-0.21037684766285147
64151	-0.5773483674911317
56201	-0.3709268875877241
48382	-0.11863396770578141
39213	-0.43973404755552664
18055	-0.04982680773797885
45638	-0.6461555274589343
31701	1.1657663516931995
39216	3.3217240306843463
44107	-0.21037684766285147
10583	0.34008043207956895
37857	-0.3938626075769916
44109	0.6611805119293142
64155	-0.14156968769504893
64154	-0.6232198074696668
44106	2.289616631167308
64152	-0.6461555274589343
87532	-0.5773483674911317
64158	-0.6461555274589343
45631	-0.34799116759845655
92395	1.2116377916717345
94612	-0.5773483674911317
05701	-0.3709268875877241
39202	0.9134734318112567
92399	-0.5314769275125967
48371	-0.5085412075233292
38103	1.1657663516931995
31707	1.3033806716288046
48374	-0.026891087748711337
31709	-0.5085412075233292
48375	-0.5085412075233292
94611	-0.6232198074696668
94609	-0.07276252772724637
38104	0.6841162319185817
38105	-0.6690912474482018
18067	-0.5314769275125967
39208	-0.6690912474482018
94608	-0.4856054875340617
54650	-0.30211972761992156
10573	0.431823312036639
39204	-0.6232198074696668
44820	-0.6461555274589343
37849	0.22540183213323134
83851	-0.3938626075769916
83854	-0.46266976754479416
12590	-0.2562482876413865
83814	0.40888759204737146
83815	-0.6690912474482018
59501	-0.6461555274589343
60190	-0.6232198074696668
39232	0.34008043207956895
48360	-0.5773483674911317
94602	-0.46266976754479416
18764	1.6932879114463524
48236	0.8217305518541868
48235	0.9822805917790594
45614	4.560252910104792
48238	0.1565946721654288
48237	0.17953039215469632
10566	-0.6461555274589343
37830	-0.6690912474482018
48367	-0.6461555274589343
10567	-0.43973404755552664
60193	-0.6002840874803993
60194	1.0281520317575943
02601	0.8446662718434542
92373	-0.6002840874803993
92374	-0.30211972761992156
31040	-0.5544126475018643
98105	-0.34799116759845655
10550	0.13365895217616128
98104	3.413466910641416
27806	-0.6232198074696668
10552	-0.5544126475018643
37821	-0.6461555274589343
87505	1.7391593514248873
98101	0.5006304720044416
72501	0.24833755212249886
18045	0.22540183213323134
18040	-0.43973404755552664
18042	-0.6690912474482018
98109	-0.46266976754479416
27804	2.8400739109097284
98107	-0.6690912474482018
45601	0.018980352229823697
13669	-0.5085412075233292
86440	-0.4856054875340617
64111	4.009795630362372
64113	-0.6461555274589343
86442	0.7070519519078492
64114	-0.6461555274589343
10549	2.335488071145843
64116	0.1565946721654288
35233	1.6932879114463524
35235	3.1153025507809384
48346	-0.4167983275662591
48216	-0.6461555274589343
18015	1.1198949117146644
84003	-0.5314769275125967
48213	-0.3250554476091891
46202	3.849245590437499
26554	1.0052163117683268
18017	0.385951872058104
48214	-0.11863396770578141
48212	-0.27918400763065404
18018	-0.6002840874803993
48210	-0.5085412075233292
98195	1.0281520317575943
48341	0.9593448717897918
08608	-0.5544126475018643
97501	-0.6461555274589343
97504	0.4547590320259065
10537	-0.6461555274589343
13676	-0.3709268875877241
18020	0.2712732721117664
45662	1.80796651139269
34684	0.20246611214396384
48334	0.8446662718434542
34683	-0.5544126475018643
22079	-0.5314769275125967
10532	-0.18744112767358395
48336	0.6611805119293142
37015	-0.14156968769504893
34685	1.0052163117683268
61356	-0.6690912474482018
35228	-0.6232198074696668
48224	-0.6232198074696668
36756	-0.6002840874803993
34689	-0.27918400763065404
48223	-0.6232198074696668
64131	-0.04982680773797885
84029	-0.6002840874803993
64132	-0.6232198074696668
64133	-0.5773483674911317
36744	-0.43973404755552664
28906	-0.4167983275662591
35216	-0.18744112767358395
06379	-0.3938626075769916
48327	0.34008043207956895
48328	-0.6690912474482018
34698	-0.5314769275125967
35211	0.11072323218689377
64139	-0.4167983275662591
48326	-0.16450540768431643
10523	-0.5314769275125967
48323	-0.3709268875877241
34695	-0.43973404755552664
35213	-0.21037684766285147
84020	-0.6002840874803993
86426	-0.6002840874803993
26537	-0.5544126475018643
48322	0.041916072219091216
35210	-0.6232198074696668
08628	-0.6461555274589343
58413	-0.6232198074696668
08610	-0.5544126475018643
97527	-0.4856054875340617
78701	-0.04982680773797885
45640	-0.43973404755552664
08611	-0.6002840874803993
97526	0.2942089921010339
35208	-0.27918400763065404
35209	1.8309022313819574
84014	-0.6461555274589343
97520	-0.6002840874803993
62864	1.7162236314356198
48202	1.7391593514248873
35205	1.4409949915644096
62863	-0.3250554476091891
48206	-0.5773483674911317
48312	-0.5314769275125967
10512	-0.5314769275125967
84010	0.5694376319722441
78703	-0.16450540768431643
35203	-0.5085412075233292
78702	-0.18744112767358395
78705	0.34008043207956895
48315	-0.16450540768431643
23188	-0.43973404755552664
48209	0.22540183213323134
78704	3.940988470394569
23185	-0.003955367759443821
48310	0.7070519519078492
48201	1.3951235515858746
08618	-0.5773483674911317
08619	-0.026891087748711337
48304	-0.003955367759443821
33139	-0.07276252772724637
22046	-0.5773483674911317
86403	-0.43973404755552664
33138	-0.18744112767358395
48302	-0.003955367759443821
22044	-0.5314769275125967
33136	5.592360309621831
06354	-0.6232198074696668
33135	-0.34799116759845655
99202	0.8217305518541868
99203	-0.6002840874803993
33134	5.8446532295037725
06355	-0.5544126475018643
48307	3.757502710480429
48306	-0.6232198074696668
99204	1.7850307914034225
33133	1.6932879114463524
99205	-0.43973404755552664
86409	1.7162236314356198
33132	-0.5314769275125967
34639	-0.43973404755552664
10507	-0.3709268875877241
99207	-0.3709268875877241
33905	-0.09569824771651389
99208	-0.6461555274589343
33904	-0.09569824771651389
10509	-0.6461555274589343
33903	-0.21037684766285147
48309	-0.3250554476091891
10502	-0.5314769275125967
22939	-0.003955367759443821
01532	-0.6690912474482018
33901	1.6474164714678172
86401	-0.27918400763065404
37040	-0.2562482876413865
37043	-0.6232198074696668
18702	-0.5085412075233292
18705	-0.27918400763065404
22042	1.3492521116073397
22043	-0.6232198074696668
18704	0.5923733519615116
33126	-0.07276252772724637
99212	-0.30211972761992156
22033	0.8905377118219893
33125	0.11072323218689377
33127	-0.6002840874803993
98166	-0.5773483674911317
99216	0.17953039215469632
01523	-0.4856054875340617
99218	1.3492521116073397
06360	-0.18744112767358395
01520	-0.5085412075233292
33912	1.4639307115536773
33907	2.610716711017053
33908	1.1657663516931995
37058	-0.3709268875877241
22030	0.7987948318649192
22031	3.2070454307380083
37055	0.041916072219091216
50327	-0.6002840874803993
36701	0.31714471209030143
71446	0.06485179220835872
34655	1.2116377916717345
34652	0.2942089921010339
50322	0.6153090719507791
72576	0.08778751219762625
37027	0.11072323218689377
50323	-0.07276252772724637
34653	0.17953039215469632
50325	-0.27918400763065404
33928	-0.3250554476091891
33919	0.08778751219762625
45693	-0.5773483674911317
91601	-0.6690912474482018
11691	0.2942089921010339
71457	-0.3250554476091891
22015	-0.30211972761992156
71459	-0.5085412075233292
50315	0.08778751219762625
35249	1.3721878315966072
34667	1.0740234717361294
33101	-0.5544126475018643
91606	-0.5085412075233292
50316	-0.30211972761992156
26501	-0.30211972761992156
91605	-0.6232198074696668
64108	0.385951872058104
91604	0.9822805917790594
50314	1.6474164714678172
26506	-0.6690912474482018
91602	1.051087751746862
26505	1.1198949117146644
35244	-0.34799116759845655
50310	-0.6461555274589343
01545	-0.5773483674911317
33936	0.11072323218689377
35242	-0.5773483674911317
35243	-0.5544126475018643
37033	-0.5544126475018643
50309	0.1565946721654288
77098	2.2208094711995052
01583	-0.6232198074696668
77096	0.385951872058104
28730	-0.6002840874803993
01581	-0.6461555274589343
77095	-0.3709268875877241
77094	-0.233312567652119
77092	-0.5314769275125967
15212	1.6244807514785498
77091	-0.46266976754479416
33142	-0.6690912474482018
77090	2.564845271038518
33141	-0.5314769275125967
46254	-0.6002840874803993
33140	1.4639307115536773
06426	-0.3709268875877241
46250	-0.16450540768431643
20186	-0.16450540768431643
55379	-0.6690912474482018
30328	0.13365895217616128
30329	-0.30211972761992156
30326	-0.6232198074696668
33145	-0.5085412075233292
33146	-0.04982680773797885
46256	0.5465019119829766
30327	-0.233312567652119
07041	-0.5544126475018643
33143	0.6611805119293142
33144	2.1749380312209703
07042	-0.4167983275662591
15213	7.060246388934952
30322	2.1290665912424354
15214	-0.6690912474482018
15215	-0.5314769275125967
15216	-0.6690912474482018
28739	-0.2562482876413865
22801	3.5281455105877537
28732	-0.6232198074696668
20814	-0.07276252772724637
07047	0.5006304720044416
70403	-0.14156968769504893
13850	-0.6690912474482018
15218	-0.6690912474482018
28734	-0.16450540768431643
78666	-0.3709268875877241
15219	-0.2562482876413865
77099	-0.6461555274589343
78665	-0.09569824771651389
20815	-0.14156968769504893
28741	-0.5314769275125967
20817	-0.16450540768431643
77081	-0.30211972761992156
77083	-0.6232198074696668
77082	0.20246611214396384
37185	-0.6461555274589343
33150	-0.5314769275125967
55362	-0.5544126475018643
46260	1.326316391618072
20170	-0.27918400763065404
95476	-0.6690912474482018
20176	0.9822805917790594
20175	-0.6002840874803993
55369	-0.233312567652119
55364	-0.6232198074696668
33154	-0.46266976754479416
46268	-0.30211972761992156
21620	0.40888759204737146
07052	1.234573511661002
33155	0.17953039215469632
30315	-0.6690912474482018
06410	-0.4167983275662591
95470	-0.46266976754479416
33156	-0.11863396770578141
33157	-0.43973404755552664
52556	-0.09569824771651389
30310	-0.5085412075233292
43351	-0.5314769275125967
07057	-0.6461555274589343
07054	-0.14156968769504893
15202	1.051087751746862
30312	-0.6461555274589343
07055	-0.233312567652119
15203	-0.34799116759845655
77089	-0.4856054875340617
78654	-0.6461555274589343
07059	-0.3250554476091891
15232	0.5465019119829766
77070	-0.026891087748711337
29148	-0.6461555274589343
77076	-0.27918400763065404
77075	-0.18744112767358395
77074	1.0052163117683268
55391	-0.30211972761992156
80863	-0.6002840874803993
69001	-0.34799116759845655
33162	0.06485179220835872
33161	-0.6232198074696668
30349	-0.14156968769504893
46278	1.0052163117683268
53202	-0.2562482876413865
33166	-0.4856054875340617
07020	-0.3709268875877241
33169	-0.6690912474482018
06441	-0.026891087748711337
53208	-0.46266976754479416
30340	-0.46266976754479416
77079	-0.6461555274589343
15239	0.13365895217616128
53209	-0.16450540768431643
28712	-0.6232198074696668
08555	-0.6461555274589343
77077	-0.6002840874803993
30344	-0.11863396770578141
12701	-0.233312567652119
15235	-0.3250554476091891
28714	-0.30211972761992156
78641	-0.5544126475018643
95448	-0.233312567652119
07023	-0.6690912474482018
28716	-0.4856054875340617
30342	1.6015450314892823
15237	-0.09569824771651389
21613	0.06485179220835872
78640	-0.5085412075233292
15238	-0.5773483674911317
07024	-0.003955367759443821
01566	-0.3938626075769916
15222	0.6611805119293142
15221	-0.43973404755552664
77060	-0.6690912474482018
77063	0.08778751219762625
77062	-0.5544126475018643
77065	-0.5085412075233292
20151	-0.5773483674911317
29152	-0.6002840874803993
29150	0.9134734318112567
06437	-0.026891087748711337
33173	-0.4167983275662591
33175	0.8905377118219893
33174	-0.5085412075233292
53213	-0.6232198074696668
07030	-0.07276252772724637
33176	1.9685165513175626
48504	0.24833755212249886
07031	0.17953039215469632
53211	-0.6690912474482018
33178	-0.6232198074696668
55387	-0.6690912474482018
53212	-0.6690912474482018
52531	-0.6002840874803993
30338	-0.5773483674911317
33179	-0.34799116759845655
48506	-0.3709268875877241
95453	-0.6690912474482018
53210	-0.4167983275662591
20155	0.1565946721654288
22003	-0.11863396770578141
07039	1.1428306317039318
53219	-0.6461555274589343
07036	6.876760629020812
77069	-0.6690912474482018
28722	-0.3709268875877241
30331	-0.46266976754479416
53217	-0.5085412075233292
48507	1.5556735915107474
21601	-0.026891087748711337
13820	-0.4856054875340617
53215	2.427230951102913
15224	1.89970939134976
48509	0.20246611214396384
53216	-0.4856054875340617
07033	-0.2562482876413865
33186	-0.5544126475018643
33183	-0.27918400763065404
33181	-0.4167983275662591
73507	-0.5085412075233292
33180	1.5556735915107474
53227	0.2942089921010339
35406	1.1198949117146644
53226	2.8859453508882633
29812	-0.6690912474482018
63301	-0.09569824771651389
08534	-0.6232198074696668
46219	2.2208094711995052
07080	0.6153090719507791
78628	-0.6461555274589343
36532	-0.2562482876413865
55337	-0.3250554476091891
35401	2.610716711017053
17340	-0.6232198074696668
53221	1.234573511661002
93906	-0.4856054875340617
53220	-0.5314769275125967
78626	0.9134734318112567
07081	0.13365895217616128
74115	-0.6461555274589343
07083	0.1565946721654288
20850	3.0694311108024035
63303	-0.3709268875877241
53222	-0.2562482876413865
20148	-0.6002840874803993
35405	-0.5773483674911317
55330	-0.6002840874803993
53225	-0.6690912474482018
55331	-0.6461555274589343
20147	-0.5773483674911317
35404	-0.3938626075769916
20852	-0.27918400763065404
93901	3.7804384304696965
46221	-0.18744112767358395
33196	-0.4856054875340617
15241	-0.6690912474482018
41701	0.523566191993709
14141	-0.6232198074696668
15243	-0.46266976754479416
29801	0.06485179220835872
08540	0.8905377118219893
30350	-0.6690912474482018
78611	-0.6002840874803993
74120	0.22540183213323134
29803	-0.43973404755552664
07960	3.046495390813136
78613	0.1565946721654288
07093	-0.5544126475018643
73505	0.11072323218689377
46227	0.5465019119829766
07090	-0.5544126475018643
33199	-0.5085412075233292
53235	-0.6002840874803993
20860	-0.6232198074696668
07095	-0.04982680773797885
74127	0.7758591118756517
07094	-0.6690912474482018
46222	-0.4856054875340617
53233	-0.16450540768431643
55350	-0.6690912474482018
06405	-0.2562482876413865
46231	-0.6232198074696668
29102	0.523566191993709
78602	-0.6461555274589343
20837	-0.34799116759845655
07065	-0.5544126475018643
20832	-0.21037684766285147
74133	0.3630161520688365
74136	2.1290665912424354
29108	-0.4856054875340617
74135	0.5694376319722441
52501	2.0602594312746327
07067	-0.3938626075769916
74137	-0.6002840874803993
73533	-0.18744112767358395
46236	-0.6232198074696668
95482	-0.6690912474482018
93923	-0.5773483674911317
68467	-0.34799116759845655
46237	0.5694376319722441
20121	-0.4856054875340617
32570	-0.6461555274589343
46240	-0.46266976754479416
46241	-0.5544126475018643
29115	-0.4167983275662591
14120	-0.5773483674911317
15261	-0.5544126475018643
07940	-0.6461555274589343
55349	-0.6232198074696668
29827	-0.5085412075233292
14127	-0.3709268875877241
07079	-0.4167983275662591
74146	-0.5544126475018643
29118	1.6244807514785498
55343	-0.4856054875340617
32571	-0.21037684766285147
55344	-0.3250554476091891
95492	-0.5773483674911317
07071	-0.6232198074696668
55345	-0.6232198074696668
32578	-0.4167983275662591
07070	-0.34799116759845655
20110	2.564845271038518
17372	0.9364091518005243
37620	1.8309022313819574
42701	1.4409949915644096
75208	1.6015450314892823
32563	-0.6461555274589343
60047	-0.21037684766285147
27607	2.0831951512639
75204	1.418059271575142
74601	-0.4856054875340617
27609	1.762095071414155
60048	1.89970939134976
75201	-0.5773483674911317
16346	-0.6002840874803993
60045	-0.21037684766285147
75203	0.2712732721117664
07932	0.20246611214396384
16342	-0.5544126475018643
19401	-0.6002840874803993
19403	-0.2562482876413865
75218	-0.46266976754479416
75217	-0.6690912474482018
60035	-0.34799116759845655
83864	-0.5773483674911317
27615	-0.30211972761992156
54729	-0.6232198074696668
75211	-0.6461555274589343
27614	0.13365895217616128
60031	1.051087751746862
16335	-0.003955367759443821
27612	0.47769475201517403
13057	2.610716711017053
27610	0.041916072219091216
07922	0.6382447919400467
07928	-0.5544126475018643
94404	-0.6002840874803993
94403	-0.5773483674911317
93940	0.47769475201517403
19406	-0.5544126475018643
94402	0.22540183213323134
94401	-0.5773483674911317
32541	-0.6232198074696668
75227	-0.6461555274589343
42728	-0.5544126475018643
60068	1.0052163117683268
55313	-0.14156968769504893
54736	-0.6690912474482018
60061	-0.4856054875340617
55317	-0.3709268875877241
60060	-0.5773483674911317
32547	0.3630161520688365
55318	-0.5314769275125967
60062	-0.14156968769504893
12786	0.08778751219762625
82801	1.9914522713068301
67846	-0.3709268875877241
75224	-0.5544126475018643
16365	-0.04982680773797885
28792	-0.3938626075769916
28791	-0.3709268875877241
13021	-0.5314769275125967
40601	-0.026891087748711337
41731	-0.5544126475018643
42718	0.34008043207956895
75237	1.0740234717361294
55304	-0.6461555274589343
04101	-0.4856054875340617
19422	-0.6690912474482018
04102	0.5694376319722441
19425	-0.6002840874803993
75232	-0.14156968769504893
75231	2.1749380312209703
60050	0.20246611214396384
75230	0.22540183213323134
55305	-0.6461555274589343
12771	-0.09569824771651389
75235	0.5465019119829766
32539	-0.6002840874803993
60053	-0.6461555274589343
16354	-0.46266976754479416
59523	-0.6690912474482018
29860	-0.5773483674911317
07901	-0.46266976754479416
13031	-0.233312567652119
04106	0.018980352229823697
04105	-0.14156968769504893
04103	-0.6461555274589343
07002	0.11072323218689377
95428	-0.5544126475018643
75244	-0.026891087748711337
75246	2.1978737512102375
75247	-0.3938626075769916
28779	-0.34799116759845655
75240	0.6153090719507791
07006	-0.04982680773797885
43302	0.20246611214396384
07003	-0.16450540768431643
75243	-0.07276252772724637
60007	-0.43973404755552664
75248	-0.6232198074696668
42749	-0.3938626075769916
13815	-0.6461555274589343
60004	-0.4167983275662591
60005	0.523566191993709
37660	3.8033741504589638
37663	-0.6461555274589343
02671	-0.6232198074696668
46290	-0.07276252772724637
13088	1.3721878315966072
89030	-0.14156968769504893
07008	-0.6461555274589343
13084	-0.6002840874803993
29169	-0.3250554476091891
07011	-0.5085412075233292
89027	-0.026891087748711337
07013	1.096959191725397
07012	-0.11863396770578141
12754	-0.34799116759845655
32514	-0.07276252772724637
43311	0.3630161520688365
07017	-0.11863396770578141
75251	0.041916072219091216
75252	-0.6232198074696668
07016	-0.34799116759845655
19444	-0.5544126475018643
25601	-0.46266976754479416
60941	-0.34799116759845655
43315	-0.46266976754479416
19446	-0.18744112767358395
29170	-0.6461555274589343
13090	-0.6232198074696668
60936	-0.6232198074696668
48197	2.0602594312746327
48195	1.096959191725397
07018	-0.04982680773797885
28786	-0.46266976754479416
56265	-0.6690912474482018
89015	-0.04982680773797885
13069	-0.43973404755552664
32504	2.289616631167308
95403	-0.233312567652119
02653	-0.3938626075769916
89014	-0.4167983275662591
32503	0.5006304720044416
95401	-0.11863396770578141
89012	-0.4856054875340617
32508	-0.6690912474482018
60021	-0.6232198074696668
32506	-0.4856054875340617
95404	0.24833755212249886
95405	0.13365895217616128
19475	-0.43973404755552664
60025	-0.6461555274589343
60026	-0.04982680773797885
19474	-0.3709268875877241
92307	0.2712732721117664
43326	-0.4856054875340617
32501	0.13365895217616128
60901	0.8217305518541868
92311	-0.5544126475018643
13060	-0.2562482876413865
56277	-0.6232198074696668
16323	-0.5773483674911317
78681	-0.5314769275125967
13066	-0.46266976754479416
89002	-0.6461555274589343
73012	-0.5773483674911317
54701	0.8446662718434542
54703	0.13365895217616128
02664	-0.5085412075233292
95415	-0.6461555274589343
19460	-0.3938626075769916
60010	0.7987948318649192
19462	-0.6232198074696668
60015	-0.026891087748711337
60016	0.4547590320259065
19464	-0.4167983275662591
60014	-0.3709268875877241
19468	-0.30211972761992156
60018	-0.6461555274589343
73018	-0.14156968769504893
60915	-0.6002840874803993
60914	0.5006304720044416
92324	-0.30211972761992156
56345	-0.6002840874803993
92220	-0.3709268875877241
64093	-0.11863396770578141
91766	-0.6461555274589343
92225	-0.5314769275125967
91765	-0.6232198074696668
48150	-0.5544126475018643
91763	-0.6232198074696668
48152	0.7299876718971168
91762	-0.6002840874803993
04976	-0.5085412075233292
48154	0.13365895217616128
12010	-0.2562482876413865
92223	-0.5085412075233292
18840	1.3033806716288046
38237	-0.5085412075233292
25526	-0.6002840874803993
98011	-0.6232198074696668
98012	-0.6002840874803993
47834	-0.6461555274589343
44001	-0.27918400763065404
73034	-0.5085412075233292
02767	-0.46266976754479416
98019	-0.5773483674911317
02766	-0.6232198074696668
48162	0.31714471209030143
05602	-0.6002840874803993
38242	-0.6232198074696668
39301	2.518973831059983
48167	-0.34799116759845655
91770	-0.43973404755552664
18834	-0.6461555274589343
92211	-0.026891087748711337
10471	-0.5773483674911317
10473	-0.6461555274589343
39305	-0.43973404755552664
98027	-0.5544126475018643
10472	-0.4856054875340617
34744	-0.04982680773797885
98026	0.6382447919400467
34741	2.1520023112317026
91767	0.8446662718434542
73025	-0.09569824771651389
34748	2.9088810708775306
34747	0.6841162319185817
48170	0.385951872058104
91780	-0.5085412075233292
25541	-0.3938626075769916
92243	2.26668091117804
48178	-0.46266976754479416
12033	-0.21037684766285147
91786	0.6611805119293142
12037	-0.5773483674911317
02747	3.000623950834601
34711	1.051087751746862
23901	-0.5085412075233292
64076	-0.3938626075769916
44023	-0.6002840874803993
02740	-0.4167983275662591
64081	-0.233312567652119
48180	0.2942089921010339
64083	-0.6002840874803993
91790	0.431823312036639
12043	-0.6002840874803993
25550	1.234573511661002
38261	-0.6690912474482018
48187	-0.6002840874803993
48186	-0.4167983275662591
48185	-0.43973404755552664
48184	-0.3709268875877241
48183	0.9134734318112567
23002	-0.5773483674911317
98001	-0.46266976754479416
44906	-0.003955367759443821
98002	-0.6461555274589343
44905	-0.43973404755552664
65536	-0.27918400763065404
44903	-0.2562482876413865
47842	-0.6232198074696668
98006	-0.5773483674911317
98003	-0.3709268875877241
98004	-0.003955367759443821
64086	0.9364091518005243
44011	-0.5773483674911317
44907	0.13365895217616128
56308	-0.4856054875340617
39355	-0.5085412075233292
25560	-0.43973404755552664
79430	0.5694376319722441
73072	-0.04982680773797885
73071	-0.27918400763065404
92262	1.89970939134976
56301	-0.6461555274589343
56303	0.06485179220835872
02720	1.051087751746862
60073	-0.4167983275662591
60074	-0.5314769275125967
64057	-0.11863396770578141
73075	-0.6461555274589343
02723	-0.6690912474482018
64055	0.041916072219091216
60076	3.1153025507809384
60077	0.08778751219762625
02721	-0.5773483674911317
48114	0.20246611214396384
61401	1.5786093115000148
48118	-0.14156968769504893
48120	-0.6461555274589343
38201	1.1657663516931995
48124	4.514381470126257
92251	-0.4167983275662591
60084	-0.3938626075769916
79424	-0.07276252772724637
60085	-0.27918400763065404
64068	0.08778751219762625
73069	-0.3709268875877241
64064	0.041916072219091216
60089	-0.18744112767358395
97601	1.2575092316502696
61412	-0.6232198074696668
48128	-0.4856054875340617
48126	4.055667070340907
37701	-0.46266976754479416
02719	-0.30211972761992156
23970	-0.16450540768431643
48135	-0.16450540768431643
94501	-0.6461555274589343
99163	-0.5773483674911317
59601	-0.04982680773797885
60091	-0.30211972761992156
65560	-0.6461555274589343
60098	-0.2562482876413865
60099	-0.5773483674911317
79410	0.7987948318649192
73096	-0.09569824771651389
79415	-0.30211972761992156
60093	-0.5314769275125967
79416	-0.6461555274589343
11514	-0.14156968769504893
10469	0.1565946721654288
73099	-0.18744112767358395
79414	-0.6461555274589343
11516	-0.5773483674911317
10467	0.40888759204737146
23059	-0.6461555274589343
11510	-0.6002840874803993
10468	-0.11863396770578141
10465	-0.27918400763065404
10466	-0.3250554476091891
10463	0.523566191993709
61422	-0.5544126475018643
48139	-0.6690912474482018
10461	1.280444951639537
10462	-0.18744112767358395
02703	-0.5773483674911317
47882	-0.5773483674911317
92270	0.2942089921010339
64040	-0.6002840874803993
67801	-0.11863396770578141
45503	0.5006304720044416
10458	0.11072323218689377
10454	-0.6002840874803993
79407	-0.233312567652119
11501	1.4868664315429447
10456	-0.6232198074696668
10457	-0.18744112767358395
72401	2.3584237911351105
72404	-0.6461555274589343
45504	-0.6002840874803993
10451	0.11072323218689377
45505	-0.6002840874803993
38229	0.22540183213323134
10453	-0.6690912474482018
06498	-0.233312567652119
11530	1.234573511661002
17313	0.5923733519615116
84143	-0.34799116759845655
64804	1.0281520317575943
61443	-0.34799116759845655
48446	1.234573511661002
46304	-0.5085412075233292
08502	-0.4856054875340617
46307	0.2942089921010339
64014	-0.18744112767358395
06492	-0.6690912474482018
08505	-0.6002840874803993
98092	-0.4856054875340617
26651	-0.5544126475018643
68352	-0.6002840874803993
70360	1.051087751746862
61455	-0.5085412075233292
20895	-0.46266976754479416
77901	-0.09569824771651389
48439	2.1978737512102375
36612	-0.6461555274589343
84132	1.0740234717361294
11520	-0.14156968769504893
70363	-0.3250554476091891
20892	-0.5773483674911317
03452	-0.4856054875340617
77904	-0.4167983275662591
37115	-0.4856054875340617
36617	-0.43973404755552664
48430	-0.6690912474482018
37110	-0.43973404755552664
90095	2.427230951102913
23061	0.041916072219091216
03458	-0.6461555274589343
23060	-0.34799116759845655
11557	-0.6461555274589343
17331	-0.30211972761992156
71301	4.307959990222849
84120	-0.11863396770578141
11554	0.34008043207956895
37129	-0.5773483674911317
46321	2.6795238709848554
74104	2.3813595111243777
61467	-0.6232198074696668
84121	-0.4856054875340617
70374	-0.6690912474482018
46322	-0.003955367759443821
63379	-0.6461555274589343
97630	-0.6461555274589343
84124	0.1565946721654288
11550	-0.5544126475018643
46324	-0.6461555274589343
84123	0.1565946721654288
63376	0.7758591118756517
20889	-0.34799116759845655
13783	-0.6690912474482018
84129	-0.6232198074696668
50266	0.7070519519078492
90089	-0.30211972761992156
17339	1.89970939134976
46320	-0.18744112767358395
37122	-0.3938626075769916
98072	-0.5314769275125967
48455	-0.6461555274589343
03431	-0.5314769275125967
01608	-0.16450540768431643
48108	0.17953039215469632
11545	-0.6461555274589343
70380	0.385951872058104
48109	2.3813595111243777
01609	-0.6461555274589343
48458	-0.233312567652119
01604	-0.3250554476091891
48103	-0.5773483674911317
20874	0.13365895217616128
48104	-0.6002840874803993
84112	-0.2562482876413865
48105	0.40888759204737146
91706	-0.6461555274589343
46311	-0.6690912474482018
63368	-0.6690912474482018
01605	2.473102391081448
11542	0.5923733519615116
20878	-0.46266976754479416
84117	-0.5314769275125967
63367	-0.46266976754479416
20877	0.2712732721117664
84118	0.06485179220835872
13790	0.3630161520688365
57401	-0.5314769275125967
37130	-0.4167983275662591
17325	0.11072323218689377
48101	0.1565946721654288
91711	-0.6461555274589343
91710	0.431823312036639
84107	0.6611805119293142
72450	-0.4856054875340617
84108	3.7345669904911616
84109	-0.4856054875340617
84105	-0.6461555274589343
99109	-0.6002840874803993
84106	-0.14156968769504893
11575	-0.6690912474482018
98059	-0.5314769275125967
84101	-0.5085412075233292
11572	-0.5773483674911317
50208	-0.5773483674911317
84102	-0.3250554476091891
98056	-0.6461555274589343
06450	0.31714471209030143
11577	-0.6461555274589343
98055	0.2712732721117664
06451	0.22540183213323134
86504	-0.5773483674911317
11576	-0.16450540768431643
90064	-0.5314769275125967
91722	-0.6002840874803993
90063	-0.026891087748711337
11570	0.06485179220835872
06457	-0.04982680773797885
18801	-0.6690912474482018
90066	-0.6690912474482018
57437	-0.5544126475018643
90067	-0.5314769275125967
63385	-0.46266976754479416
05641	-0.5773483674911317
11563	-0.4167983275662591
11566	-0.43973404755552664
62946	0.24833755212249886
11568	-0.6002840874803993
06460	-0.34799116759845655
91723	0.31714471209030143
91732	-0.4167983275662591
91733	-0.5544126475018643
91730	-0.43973404755552664
91731	-0.14156968769504893
12065	-0.6232198074696668
06468	-0.5544126475018643
90059	-0.6461555274589343
58503	-0.6232198074696668
90057	0.5694376319722441
58501	1.7850307914034225
36605	-0.6002840874803993
36606	-0.18744112767358395
36607	0.018980352229823697
01655	1.280444951639537
36608	1.89970939134976
36609	-0.3250554476091891
50220	-0.11863396770578141
98034	-0.09569824771651389
98033	-0.34799116759845655
48423	-0.6690912474482018
98032	-0.3250554476091891
06475	-0.4856054875340617
06477	-0.5314769275125967
98036	-0.30211972761992156
36604	1.3492521116073397
91741	-0.6232198074696668
98030	-0.5314769275125967
48420	0.3630161520688365
37166	-0.6002840874803993
62948	-0.46266976754479416
37167	-0.5314769275125967
90045	-0.5773483674911317
90048	2.1749380312209703
37160	-0.27918400763065404
47807	-0.30211972761992156
34769	-0.11863396770578141
71351	-0.43973404755552664
47804	-0.026891087748711337
91748	-0.6002840874803993
06484	0.40888759204737146
34761	1.1428306317039318
30309	3.8721813104267664
50213	-0.6461555274589343
91745	-0.5085412075233292
30308	0.06485179220835872
47802	0.6382447919400467
30303	0.041916072219091216
06489	-0.5314769275125967
50219	-0.6690912474482018
30305	1.0052163117683268
91750	0.018980352229823697
11580	-0.5544126475018643
98040	-0.4167983275662591
12084	-0.5085412075233292
98042	-0.34799116759845655
62959	0.22540183213323134
90034	-0.43973404755552664
90033	1.2575092316502696
60301	-0.6232198074696668
00923	-0.21037684766285147
60302	0.3630161520688365
00921	-0.6002840874803993
43935	-0.46266976754479416
60305	-0.5773483674911317
00926	-0.6461555274589343
95123	-0.6461555274589343
97383	-0.5773483674911317
00925	-0.5314769275125967
60304	0.20246611214396384
33759	-0.4167983275662591
29715	-0.5085412075233292
52627	-0.3709268875877241
70503	2.26668091117804
95126	-0.5544126475018643
33756	2.014387991296098
95128	0.6382447919400467
00920	-0.5544126475018643
16601	0.08778751219762625
16602	0.08778751219762625
28262	-0.4167983275662591
28269	-0.09569824771651389
97381	-0.6690912474482018
00918	0.40888759204737146
00919	-0.6690912474482018
46350	0.523566191993709
73401	0.11072323218689377
95134	-0.46266976754479416
43920	0.20246611214396384
95132	-0.6690912474482018
00917	-0.3250554476091891
14489	-0.6232198074696668
95138	-0.6690912474482018
27599	0.6153090719507791
29706	0.13365895217616128
08401	-0.5085412075233292
40508	-0.5085412075233292
40509	0.5006304720044416
15145	-0.34799116759845655
40515	-0.3250554476091891
15146	0.34008043207956895
40517	-0.6002840874803993
40513	-0.04982680773797885
27597	-0.6461555274589343
08406	0.018980352229823697
97391	-0.6690912474482018
00907	-0.43973404755552664
46360	1.234573511661002
00909	-0.4167983275662591
93215	0.7987948318649192
33777	0.2942089921010339
33773	0.22540183213323134
33772	-0.3709268875877241
33771	-0.5085412075233292
33770	-0.09569824771651389
15136	-0.6461555274589343
15139	-0.3709268875877241
01267	-0.5085412075233292
58102	3.046495390813136
58103	0.7758591118756517
58104	-0.5773483674911317
15131	0.041916072219091216
15132	-0.3250554476091891
41240	-0.3709268875877241
33764	-0.5773483674911317
33760	-0.27918400763065404
36426	0.2712732721117664
33761	1.6015450314892823
30474	1.096959191725397
55939	-0.6461555274589343
40536	2.564845271038518
15122	-0.5085412075233292
03801	0.20246611214396384
36420	-0.6002840874803993
30461	-0.6461555274589343
43973	-0.6690912474482018
55901	-0.6232198074696668
70546	-0.43973404755552664
90815	-0.46266976754479416
33715	-0.5085412075233292
01201	0.3630161520688365
97239	0.523566191993709
27545	-0.14156968769504893
58122	0.47769475201517403
33712	-0.6461555274589343
33713	0.6382447919400467
55905	7.63363938866664
55906	-0.5773483674911317
33716	-0.6002840874803993
27549	-0.43973404755552664
48617	-0.5773483674911317
00961	-0.5773483674911317
90813	-0.3250554476091891
00968	-0.6461555274589343
33710	-0.5314769275125967
33711	-0.6461555274589343
26847	-0.3709268875877241
91105	1.3721878315966072
93245	-0.5544126475018643
91106	-0.026891087748711337
91101	-0.4856054875340617
80501	-0.6690912474482018
33709	1.0740234717361294
70538	-0.6232198074696668
27540	-0.4856054875340617
97227	-0.6461555274589343
33701	-0.4856054875340617
33702	0.11072323218689377
90805	0.22540183213323134
70535	-0.5544126475018643
55912	-0.4856054875340617
97229	-0.6690912474482018
33704	0.40888759204737146
15108	-0.6002840874803993
52655	1.0740234717361294
33705	-0.5314769275125967
30453	-0.6461555274589343
48629	-0.5314769275125967
16635	0.3630161520688365
33707	-0.43973404755552664
00956	-0.3938626075769916
30458	-0.18744112767358395
97220	-0.233312567652119
97223	-0.5085412075233292
00959	-0.6690912474482018
97225	-0.21037684766285147
91107	-0.2562482876413865
90807	-0.11863396770578141
03820	0.4547590320259065
93257	-0.5773483674911317
41230	-0.6690912474482018
15102	-0.6461555274589343
39090	2.0602594312746327
90006	-0.6232198074696668
15101	-0.5085412075233292
90003	-0.6690912474482018
55909	-0.6461555274589343
93250	-0.6461555274589343
90001	-0.6002840874803993
90002	-0.6690912474482018
70526	0.9364091518005243
90008	-0.6690912474482018
00985	-0.6002840874803993
43222	0.22540183213323134
43221	0.9593448717897918
43220	-0.6232198074696668
45365	-0.14156968769504893
00982	-0.6461555274589343
43952	0.22540183213323134
43224	-0.14156968769504893
43228	-0.16450540768431643
43953	-0.5773483674911317
66414	-0.27918400763065404
46373	-0.6690912474482018
46375	0.431823312036639
01220	-0.5773483674911317
27565	-0.3938626075769916
27560	-0.30211972761992156
90015	-0.34799116759845655
90017	-0.46266976754479416
43230	-0.5773483674911317
95119	-0.21037684766285147
48609	-0.5544126475018643
95118	-0.6461555274589343
70510	-0.30211972761992156
43235	-0.30211972761992156
95117	-0.6461555274589343
42103	0.041916072219091216
27577	1.3951235515858746
42104	0.041916072219091216
95116	0.7758591118756517
42101	-0.4856054875340617
48601	0.13365895217616128
48602	0.8676019918327218
48603	2.1290665912424354
30436	-0.3709268875877241
48604	1.2116377916717345
46383	4.147409950297977
67550	-0.6690912474482018
90020	0.11072323218689377
90023	-0.5314769275125967
45373	0.31714471209030143
90024	-0.4856054875340617
93230	0.041916072219091216
70507	-0.6461555274589343
28278	-0.07276252772724637
28277	-0.43973404755552664
70506	2.26668091117804
90022	-0.07276252772724637
90027	-0.43973404755552664
90028	-0.27918400763065404
70508	0.9593448717897918
90025	-0.5314769275125967
90026	0.2942089921010339
89130	-0.5085412075233292
80538	-0.16450540768431643
80537	-0.6002840874803993
43205	-0.2562482876413865
04011	0.1565946721654288
43207	-0.16450540768431643
43201	-0.6690912474482018
43202	-0.003955367759443821
54810	-0.6461555274589343
43203	-0.6002840874803993
27502	-0.30211972761992156
73120	0.7529233918863841
02777	-0.34799116759845655
49707	-0.5314769275125967
81416	-0.5773483674911317
93292	-0.5314769275125967
93291	-0.34799116759845655
27510	-0.5544126475018643
39051	-0.2562482876413865
48093	1.326316391618072
02780	-0.6690912474482018
89120	-0.6461555274589343
48091	0.13365895217616128
75390	4.927224429933072
89121	0.5465019119829766
48092	0.7529233918863841
48098	0.22540183213323134
48095	-0.5773483674911317
92201	0.06485179220835872
23456	-0.6002840874803993
31545	-0.6002840874803993
80526	0.11072323218689377
80525	0.08778751219762625
80528	1.2116377916717345
13903	-0.4167983275662591
23452	-0.6690912474482018
13905	-0.43973404755552664
43219	-0.5773483674911317
32610	3.1153025507809384
23454	0.06485179220835872
23455	0.06485179220835872
73139	0.20246611214396384
89123	-0.6690912474482018
27513	-0.3709268875877241
43214	0.2942089921010339
42167	-0.6002840874803993
27514	0.7070519519078492
43215	0.2942089921010339
27511	-0.5773483674911317
43212	-0.5773483674911317
43213	0.523566191993709
32615	-0.026891087748711337
73135	0.06485179220835872
43210	1.9685165513175626
27517	-0.46266976754479416
43211	-0.6002840874803993
27518	1.1198949117146644
73130	0.6382447919400467
89129	-0.5773483674911317
73131	-0.6002840874803993
89128	1.8767736713604926
48080	0.431823312036639
48081	-0.09569824771651389
48082	-0.6690912474482018
48083	-0.6232198074696668
27520	0.5465019119829766
48088	0.5694376319722441
80524	0.17953039215469632
48084	0.1565946721654288
48085	0.7070519519078492
73105	-0.6690912474482018
73103	0.34008043207956895
32641	-0.6461555274589343
31539	-0.5773483674911317
73104	0.9822805917790594
73109	2.243745191188773
67502	-0.003955367759443821
31537	-0.5085412075233292
27526	0.018980352229823697
12401	1.188702071682467
79027	-0.5544126475018643
31533	0.7529233918863841
14414	-0.5773483674911317
27529	-0.6002840874803993
73102	0.34008043207956895
14411	-0.5773483674911317
42134	0.6382447919400467
48072	0.22540183213323134
04938	0.9822805917790594
04937	-0.4856054875340617
04009	0.6153090719507791
48075	4.514381470126257
48076	-0.003955367759443821
48073	1.5098021515322122
93277	2.7712667509419258
04005	-0.09569824771651389
73114	-0.3938626075769916
04001	-0.6461555274589343
68713	-0.6232198074696668
73117	-0.2562482876413865
39845	-0.27918400763065404
23435	-0.5773483674911317
73119	-0.27918400763065404
80503	-0.16450540768431643
89148	0.6153090719507791
31520	-0.026891087748711337
42141	-0.3250554476091891
31522	-0.07276252772724637
89145	-0.2562482876413865
73110	1.6244807514785498
27536	0.3630161520688365
14423	-0.5314769275125967
73460	-0.18744112767358395
73112	2.3584237911351105
44286	-0.5773483674911317
89146	0.1565946721654288
27534	6.7850177490637416
14424	-0.5085412075233292
07307	-0.34799116759845655
07306	-0.6232198074696668
07304	-0.5773483674911317
12208	1.9226451113390275
07302	-0.233312567652119
53717	1.234573511661002
53715	1.3721878315966072
53711	-0.6690912474482018
54143	-0.09569824771651389
12204	-0.3709268875877241
12203	0.20246611214396384
68701	0.385951872058104
12206	-0.6461555274589343
12205	-0.003955367759443821
94301	1.3492521116073397
94303	-0.003955367759443821
94305	0.8905377118219893
54130	-0.3709268875877241
82901	-0.5773483674911317
53704	-0.6232198074696668
39828	-0.6690912474482018
53705	0.1565946721654288
54868	0.431823312036639
83522	-0.6232198074696668
33781	0.1565946721654288
47454	-0.6461555274589343
32653	-0.4167983275662591
72830	-0.6232198074696668
33786	-0.5544126475018643
04901	-0.21037684766285147
40502	-0.3709268875877241
40503	2.1749380312209703
40504	2.6795238709848554
29732	-0.16450540768431643
79065	-0.4167983275662591
89117	1.7850307914034225
89118	-0.43973404755552664
54837	-0.6461555274589343
14456	0.13365895217616128
39819	1.5098021515322122
14454	-0.09569824771651389
47421	0.17953039215469632
89119	-0.3709268875877241
80550	-0.5085412075233292
53719	-0.4856054875340617
29720	0.2712732721117664
89104	-0.16450540768431643
83501	0.06485179220835872
89106	0.7070519519078492
82005	-0.5085412075233292
54843	-0.5544126475018643
89102	0.40888759204737146
89103	-0.5773483674911317
82001	0.5465019119829766
89108	-0.6690912474482018
89109	4.216217110265779
50501	-0.6461555274589343
61548	-0.6690912474482018
02828	-0.6002840874803993
49677	-0.6232198074696668
72758	0.7070519519078492
48015	-0.4856054875340617
98841	-0.6461555274589343
72756	-0.04982680773797885
92161	-0.6690912474482018
12110	-0.21037684766285147
59729	-0.6461555274589343
61559	-0.6461555274589343
02818	0.22540183213323134
72764	0.17953039215469632
76712	-0.18744112767358395
04096	-0.6232198074696668
02816	-0.6232198074696668
48026	-0.6002840874803993
61554	-0.3250554476091891
04092	-0.46266976754479416
76710	-0.6002840874803993
98837	-0.6690912474482018
04090	-0.6232198074696668
44333	-0.09569824771651389
83605	-0.5773483674911317
48025	-0.3709268875877241
49660	0.6382447919400467
76708	-0.6461555274589343
38344	0.7529233918863841
38343	0.20246611214396384
61520	-0.5544126475018643
54880	-0.5773483674911317
61525	-0.6690912474482018
76707	-0.5773483674911317
72730	-0.3938626075769916
19720	0.041916072219091216
44320	-0.233312567652119
02840	-0.4167983275662591
44321	-0.6461555274589343
04083	-0.6690912474482018
02842	-0.6690912474482018
72745	-0.6690912474482018
47501	-0.6002840874803993
18510	0.5006304720044416
04074	-0.14156968769504893
04073	0.018980352229823697
10310	0.018980352229823697
10312	-0.026891087748711337
48009	-0.5773483674911317
10314	0.06485179220835872
02832	-0.6002840874803993
61530	-0.6232198074696668
71291	0.17953039215469632
44313	1.9226451113390275
44312	-0.6002840874803993
92131	-0.4167983275662591
35080	-0.4856054875340617
92130	-0.3250554476091891
80487	-0.5085412075233292
92134	0.041916072219091216
35968	-0.18744112767358395
02865	-0.5085412075233292
02860	0.08778751219762625
65401	0.8676019918327218
12159	-0.4856054875340617
35960	-0.5314769275125967
21287	3.0694311108024035
48059	-0.4167983275662591
31501	0.7529233918863841
92123	1.1198949117146644
38372	-0.43973404755552664
35071	-0.3938626075769916
18508	-0.6232198074696668
92127	-0.5085412075233292
19703	-0.6002840874803993
35077	-0.5314769275125967
19702	-0.6690912474482018
92128	0.11072323218689377
56007	-0.46266976754479416
73170	-0.6461555274589343
56001	-0.18744112767358395
92121	-0.3938626075769916
92120	-0.09569824771651389
71270	-0.27918400763065404
35068	0.08778751219762625
19711	-0.5085412075233292
53792	0.17953039215469632
92108	-0.003955367759443821
92109	0.041916072219091216
02857	-0.6461555274589343
31513	-0.6461555274589343
04054	-0.27918400763065404
19718	0.6153090719507791
48067	-0.07276252772724637
48066	1.4409949915644096
92111	-0.18744112767358395
92117	-0.5773483674911317
19713	0.9822805917790594
89052	1.5556735915107474
48060	1.4868664315429447
92110	-0.4167983275662591
79119	-0.6461555274589343
02885	-0.026891087748711337
62690	-0.6690912474482018
02886	0.8905377118219893
73150	-0.5085412075233292
48038	-0.18744112767358395
50525	-0.6232198074696668
38358	0.523566191993709
73159	-0.6232198074696668
35058	-0.233312567652119
92105	-0.6690912474482018
48030	0.6841162319185817
92104	-0.5544126475018643
35055	0.31714471209030143
48034	2.3125523511565755
92101	-0.04982680773797885
04856	-0.18744112767358395
35051	-0.5544126475018643
48036	-0.6690912474482018
92103	4.904288709943804
38351	-0.5085412075233292
92102	-0.6461555274589343
48035	3.1611739907594734
59701	-0.30211972761992156
79106	6.899696349010079
32601	-0.6002840874803993
11803	0.34008043207956895
11801	-0.6690912474482018
71251	-0.46266976754479416
32605	0.7758591118756517
32608	-0.4856054875340617
32607	-0.3250554476091891
02879	-0.5544126475018643
71259	0.7529233918863841
79109	-0.5085412075233292
92933	-0.5314769275125967
87701	-0.6461555274589343
49601	-0.5544126475018643
48043	-0.5773483674911317
35042	-0.46266976754479416
48047	-0.04982680773797885
38363	-0.6232198074696668
59715	0.7299876718971168
89074	-0.5544126475018643
77021	-0.6461555274589343
06117	-0.34799116759845655
20190	-0.27918400763065404
20191	-0.3250554476091891
06118	-0.5773483674911317
03743	0.6611805119293142
06110	-0.6690912474482018
26757	-0.5773483674911317
50588	-0.3709268875877241
06111	-0.5085412075233292
46404	0.385951872058104
85901	-0.07276252772724637
71226	-0.5085412075233292
77027	-0.6232198074696668
77025	-0.07276252772724637
77024	1.7850307914034225
70458	-0.09569824771651389
46409	-0.4167983275662591
78006	0.20246611214396384
77030	12.289590546487945
77032	-0.5544126475018643
17402	0.1565946721654288
17403	2.977688230845333
17404	-0.6690912474482018
03756	1.3951235515858746
17406	-0.46266976754479416
35022	-0.026891087748711337
35023	-0.003955367759443821
35020	-0.6002840874803993
48532	8.413453868301735
77845	-0.233312567652119
17401	-0.6232198074696668
97301	1.280444951639537
24970	0.523566191993709
97302	-0.4856054875340617
70461	0.24833755212249886
97303	-0.6002840874803993
77840	-0.6461555274589343
97305	-0.6232198074696668
77034	0.11072323218689377
77036	0.1565946721654288
71232	-0.5773483674911317
91010	-0.09569824771651389
77042	-0.4856054875340617
77043	0.11072323218689377
70427	-0.5773483674911317
77040	0.523566191993709
91016	-0.6690912474482018
35010	-0.6690912474482018
91011	-0.6690912474482018
03766	-0.43973404755552664
77833	-0.11863396770578141
71202	-0.6461555274589343
97330	1.5786093115000148
97201	-0.6461555274589343
71201	0.31714471209030143
77047	1.4409949915644096
78028	-0.43973404755552664
97205	-0.233312567652119
70433	1.0052163117683268
77049	-0.6002840874803993
45459	0.9364091518005243
97209	0.1565946721654288
78023	0.5923733519615116
70438	-0.16450540768431643
45440	0.1565946721654288
77054	4.307959990222849
91007	0.8676019918327218
12180	1.1657663516931995
06108	0.13365895217616128
12184	-0.6002840874803993
06107	0.018980352229823697
06106	1.326316391618072
06105	0.8905377118219893
97321	-0.46266976754479416
35007	-0.026891087748711337
97210	-0.43973404755552664
06102	-0.6232198074696668
97213	1.4639307115536773
97214	-0.5544126475018643
77056	-0.6002840874803993
97216	-0.46266976754479416
77055	-0.14156968769504893
77058	0.018980352229823697
70447	-0.6690912474482018
01301	0.8905377118219893
77057	0.9134734318112567
77059	-0.6002840874803993
28212	-0.6690912474482018
28211	9.445561267818773
28210	1.5556735915107474
10309	-0.43973404755552664
45434	-0.2562482876413865
44304	-0.07276252772724637
98801	0.11072323218689377
98802	-0.5544126475018643
10305	0.6153090719507791
10304	0.5465019119829766
45433	-0.5773483674911317
10306	0.22540183213323134
10301	-0.43973404755552664
10302	-0.6002840874803993
36522	-0.5773483674911317
44307	-0.34799116759845655
44308	-0.6232198074696668
99403	-0.30211972761992156
44306	-0.6232198074696668
36526	0.9822805917790594
38301	1.8767736713604926
15963	-0.43973404755552664
45424	0.11072323218689377
55987	0.5923733519615116
28226	0.018980352229823697
28227	-0.5544126475018643
95993	0.20246611214396384
95991	-0.5773483674911317
38305	4.8125458299867345
45429	1.096959191725397
77802	0.1565946721654288
95959	-0.5544126475018643
77002	1.6932879114463524
35906	-0.5314769275125967
35907	-0.5085412075233292
35901	1.096959191725397
77007	-0.5773483674911317
35903	-0.34799116759845655
45415	1.0052163117683268
77004	-0.003955367759443821
36502	-0.5773483674911317
45419	-0.6690912474482018
77008	1.1657663516931995
77009	-0.6461555274589343
70471	-0.3709268875877241
55974	-0.6690912474482018
02806	-0.6002840874803993
62615	-0.6232198074696668
78934	-0.6232198074696668
02809	-0.6232198074696668
49686	-0.6002840874803993
49684	2.9318167908667983
91042	-0.6461555274589343
95969	-0.3250554476091891
28203	2.3813595111243777
57501	-0.5773483674911317
55965	-0.6690912474482018
77012	-0.46266976754479416
28207	1.7391593514248873
50595	-0.3938626075769916
95973	0.13365895217616128
28204	1.6474164714678172
77015	-0.6002840874803993
45402	-0.003955367759443821
28208	0.2712732721117664
77017	-0.4167983275662591
77018	-0.6690912474482018
88435	-0.6690912474482018
45408	-0.6002840874803993
45406	0.7987948318649192
46410	1.2116377916717345
45405	-0.4167983275662591
78945	-0.5085412075233292
45409	0.5465019119829766
00820	-0.43973404755552664
15017	-0.5085412075233292
96712	-0.5085412075233292
70601	1.5556735915107474
17584	-0.5773483674911317
86336	-0.04982680773797885
33897	-0.46266976754479416
49017	-0.11863396770578141
85737	-0.6002840874803993
52761	-0.233312567652119
49010	-0.46266976754479416
49015	-0.026891087748711337
28124	-0.2562482876413865
15010	-0.6002840874803993
40422	0.20246611214396384
43140	-0.6461555274589343
96706	-0.4856054875340617
52753	-0.09569824771651389
78852	-0.6461555274589343
08302	-0.27918400763065404
96720	0.2712732721117664
15009	-0.34799116759845655
28117	0.041916072219091216
66509	-0.6002840874803993
85723	-0.5085412075233292
36303	0.20246611214396384
85721	-0.6690912474482018
49007	-0.5544126475018643
49008	-0.30211972761992156
36301	3.3217240306843463
33881	-0.27918400763065404
49009	-0.233312567652119
33880	0.8217305518541868
66502	-0.5085412075233292
85724	1.418059271575142
36305	0.1565946721654288
85719	-0.4856054875340617
85718	-0.6461555274589343
26003	1.7391593514248873
49002	-0.6002840874803993
49001	-0.6690912474482018
41139	-0.2562482876413865
28112	0.6611805119293142
28110	-0.46266976754479416
85750	-0.5085412075233292
95247	-0.6690912474482018
55118	-0.3709268875877241
95249	-0.5314769275125967
52747	-0.5544126475018643
53007	-0.6461555274589343
55112	-0.6232198074696668
33872	0.018980352229823697
55113	-0.5314769275125967
00802	-0.6002840874803993
33870	1.853837951371225
53005	-0.34799116759845655
55116	-0.16450540768431643
95242	0.08778751219762625
55117	-0.4856054875340617
33875	-0.4167983275662591
85756	-0.5085412075233292
55114	-0.43973404755552664
33873	-0.6461555274589343
49037	-0.04982680773797885
49036	-0.5314769275125967
58206	-0.6461555274589343
28144	1.3492521116073397
58201	0.6382447919400467
28147	-0.026891087748711337
70611	-0.6690912474482018
85741	-0.07276252772724637
55108	-0.3709268875877241
96701	-0.5314769275125967
55109	-0.27918400763065404
21409	-0.34799116759845655
21403	-0.6690912474482018
15931	-0.6690912474482018
48706	1.6474164714678172
52732	5.064838749868677
53018	-0.6002840874803993
48708	-0.34799116759845655
85749	-0.4856054875340617
78839	-0.5085412075233292
21401	4.124474230308709
55101	-0.14156968769504893
85746	-0.6002840874803993
55102	2.289616631167308
85745	-0.6002840874803993
55103	-0.46266976754479416
78834	-0.46266976754479416
55104	-0.026891087748711337
85743	-0.6690912474482018
55106	-0.5314769275125967
49024	-0.6461555274589343
70607	-0.6232198074696668
15025	-0.5314769275125967
15904	-0.18744112767358395
15905	-0.27918400763065404
16508	-0.43973404755552664
66534	-0.6461555274589343
60203	-0.6461555274589343
97132	-0.46266976754479416
60202	0.17953039215469632
60201	1.3721878315966072
30566	-0.04982680773797885
16502	-0.5773483674911317
45247	0.08778751219762625
16501	6.968503508977882
45249	-0.5085412075233292
16507	0.17953039215469632
43103	-0.6461555274589343
45246	-0.5085412075233292
15901	-0.34799116759845655
96753	-0.5773483674911317
45245	-0.6461555274589343
43102	-0.6232198074696668
45242	1.6015450314892823
55130	-0.14156968769504893
93108	-0.6002840874803993
93105	1.188702071682467
93101	-0.233312567652119
97124	-0.6002840874803993
96761	-0.6690912474482018
33841	-0.43973404755552664
55125	0.041916072219091216
97123	0.22540183213323134
55128	-0.6690912474482018
95231	-0.6232198074696668
55127	-0.46266976754479416
48723	-0.3709268875877241
43110	-0.3938626075769916
97128	-0.27918400763065404
33844	0.7529233918863841
55129	-0.4856054875340617
45255	0.523566191993709
40456	-0.46266976754479416
93110	-0.5773483674911317
28150	1.0052163117683268
26041	-0.6461555274589343
85713	-0.5544126475018643
97467	-0.5544126475018643
85715	0.20246611214396384
85710	0.22540183213323134
62801	-0.21037684766285147
85711	-0.16450540768431643
85712	2.9318167908667983
95203	-0.4167983275662591
96734	-0.6232198074696668
95202	-0.6232198074696668
95205	-0.4167983275662591
45267	-0.2562482876413865
96732	-0.43973404755552664
95204	0.20246611214396384
43123	0.08778751219762625
33837	-0.6232198074696668
95209	-0.5314769275125967
41101	3.7345669904911616
41102	-0.5544126475018643
85704	1.4409949915644096
85705	-0.6002840874803993
97478	-0.21037684766285147
52773	-0.6461555274589343
97477	0.041916072219091216
97471	-0.233312567652119
96740	-0.5314769275125967
97103	-0.4856054875340617
54901	-0.34799116759845655
01331	-0.6690912474482018
96743	0.08778751219762625
96744	-0.6461555274589343
43138	-0.43973404755552664
42003	0.385951872058104
96746	-0.43973404755552664
54904	0.6382447919400467
54902	-0.6461555274589343
78041	1.234573511661002
16510	-0.6232198074696668
43130	-0.21037684766285147
70648	-0.6232198074696668
48740	-0.6690912474482018
36360	-0.5314769275125967
28170	-0.6232198074696668
29650	-0.5314769275125967
39183	-0.5544126475018643
39180	-0.11863396770578141
27405	-0.5773483674911317
54915	-0.43973404755552664
16544	-0.6002840874803993
27407	-0.5544126475018643
54913	-0.21037684766285147
12524	0.7758591118756517
27408	1.1657663516931995
75482	0.11072323218689377
54911	0.4547590320259065
27401	-0.30211972761992156
96797	-0.11863396770578141
27403	0.31714471209030143
20307	-0.3709268875877241
74801	-0.6461555274589343
32765	-0.5773483674911317
96793	-0.46266976754479416
53066	-0.3709268875877241
74804	-0.5314769275125967
68601	-0.026891087748711337
32763	0.8676019918327218
47586	-0.4167983275662591
10155	-0.6232198074696668
27409	-0.16450540768431643
96792	-0.6461555274589343
12528	-0.6690912474482018
80631	-0.04982680773797885
02090	0.2712732721117664
80634	-0.43973404755552664
47591	0.018980352229823697
53073	-0.6461555274589343
27410	-0.3250554476091891
29640	0.5923733519615116
29642	-0.5085412075233292
14304	-0.46266976754479416
29646	-0.5773483674911317
42025	-0.3250554476091891
14301	-0.6232198074696668
32757	-0.43973404755552664
32751	2.243745191188773
32750	-0.6690912474482018
61705	-0.6002840874803993
61704	0.2712732721117664
53081	-0.6232198074696668
93160	-0.04982680773797885
02891	-0.16450540768431643
29672	0.8446662718434542
29671	-0.6690912474482018
02896	-0.3938626075769916
32746	0.20246611214396384
02895	0.5006304720044416
54937	-0.6461555274589343
56031	-0.4167983275662591
49829	-0.30211972761992156
54935	-0.5773483674911317
29678	3.1153025507809384
79124	-0.30211972761992156
74820	-0.11863396770578141
12508	-0.5085412075233292
53089	-0.46266976754479416
23320	1.945580831328295
23321	-0.43973404755552664
53095	-0.5314769275125967
53092	-0.026891087748711337
16550	-0.6002840874803993
39170	-0.5314769275125967
29662	-0.4856054875340617
54942	-0.5314769275125967
83687	-0.6002840874803993
83686	-0.6002840874803993
08361	-0.6461555274589343
08360	0.11072323218689377
61701	0.523566191993709
96782	0.2942089921010339
07208	0.1565946721654288
44195	5.798781789525238
07206	-0.6461555274589343
07205	-0.6461555274589343
37862	-0.4856054875340617
12304	-0.4167983275662591
53027	-0.5314769275125967
72703	0.20246611214396384
53024	-0.5544126475018643
29615	0.34008043207956895
53029	-0.46266976754479416
52722	0.6382447919400467
83634	-0.5544126475018643
54956	2.289616631167308
12306	-0.6690912474482018
07204	-0.27918400763065404
12309	0.31714471209030143
76692	-0.6690912474482018
07202	-0.3250554476091891
12308	0.2942089921010339
39150	-0.6690912474482018
12550	1.9685165513175626
39157	-0.46266976754479416
54961	-0.5314769275125967
32796	1.9914522713068301
47558	-0.6461555274589343
53033	-0.6461555274589343
32792	-0.09569824771651389
53038	-0.6461555274589343
75455	-0.3938626075769916
12553	2.954752510856066
29605	1.9914522713068301
29607	0.9593448717897918
81506	-0.5544126475018643
37888	-0.6461555274589343
54024	-0.6690912474482018
67601	-0.026891087748711337
79938	-0.3938626075769916
54022	-0.6002840874803993
32780	0.1565946721654288
79936	3.2529168707165437
37887	-0.5085412075233292
29639	-0.2562482876413865
32789	0.3630161520688365
56073	-0.6461555274589343
75462	-0.6232198074696668
29621	2.1290665912424354
53051	-0.3250554476091891
72712	0.7987948318649192
12538	-0.6690912474482018
34104	-0.6461555274589343
72714	-0.5544126475018643
34103	1.762095071414155
54982	-0.6461555274589343
34102	2.427230951102913
79925	0.08778751219762625
32776	-0.5314769275125967
83647	-0.6690912474482018
32778	-0.07276252772724637
79920	-0.5314769275125967
56082	-0.4856054875340617
62002	0.7987948318649192
83644	-0.6232198074696668
81501	-0.30211972761992156
12534	-0.30211972761992156
34109	1.5556735915107474
34108	-0.6461555274589343
83642	-0.16450540768431643
11735	4.606124350083327
83702	-0.3938626075769916
44203	0.17953039215469632
11738	-0.6690912474482018
62025	-0.6690912474482018
18643	-0.6232198074696668
47630	0.018980352229823697
18641	-0.6232198074696668
79905	-0.5314769275125967
11731	-0.6461555274589343
19601	-0.5314769275125967
65349	-0.6690912474482018
79902	4.560252910104792
11733	-0.04982680773797885
19605	-0.4856054875340617
92028	-0.11863396770578141
49770	2.1520023112317026
92024	0.08778751219762625
39114	-0.6690912474482018
19607	-0.5773483674911317
92025	0.041916072219091216
92026	-0.5085412075233292
92020	-0.6690912474482018
11725	0.1565946721654288
83712	-0.34799116759845655
62781	3.5740169505662887
11729	-0.07276252772724637
12489	-0.4167983275662591
75402	-0.6461555274589343
79912	-0.16450540768431643
19610	0.2942089921010339
11720	-0.6461555274589343
19611	0.9822805917790594
79915	1.188702071682467
92019	-0.5085412075233292
83709	-0.5085412075233292
83706	-0.6461555274589343
83704	0.08778751219762625
11757	-0.6002840874803993
44221	-0.14156968769504893
62040	-0.5085412075233292
44223	-0.14156968769504893
02035	-0.46266976754479416
23298	2.473102391081448
59840	-0.5773483674911317
12466	-0.5544126475018643
11746	0.11072323218689377
02048	-0.6690912474482018
47648	-0.6461555274589343
11743	1.7850307914034225
11741	-0.5773483674911317
38462	-0.43973404755552664
04769	-0.5773483674911317
92037	3.229981150727276
49783	-0.5544126475018643
38464	-0.6002840874803993
02043	-0.3250554476091891
49738	-0.30211972761992156
31602	0.17953039215469632
23238	-0.5773483674911317
23236	-0.6690912474482018
49735	-0.6002840874803993
71129	-0.09569824771651389
23235	2.4960381110707153
61602	1.1428306317039318
38478	-0.003955367759443821
50401	-0.21037684766285147
34972	0.24833755212249886
31605	-0.11863396770578141
61603	-0.07276252772724637
72653	2.289616631167308
37918	-0.6002840874803993
65301	0.5694376319722441
32714	0.13365895217616128
62062	-0.34799116759845655
37919	0.7758591118756517
32712	-0.43973404755552664
37916	4.170345670287245
37917	-0.09569824771651389
56101	-0.6232198074696668
02052	0.06485179220835872
32708	-0.6232198074696668
02050	-0.43973404755552664
02053	-0.5773483674911317
04730	-0.30211972761992156
35173	-0.5085412075233292
18603	-0.04982680773797885
04736	-0.6461555274589343
05855	-0.6232198074696668
61611	-0.5544126475018643
23226	0.6153090719507791
23225	0.7529233918863841
49727	-0.4856054875340617
23228	-0.4856054875340617
61615	0.5694376319722441
23221	-0.3709268875877241
61614	1.0052163117683268
51521	-0.6461555274589343
34981	-0.3938626075769916
32720	-0.4856054875340617
23223	-0.43973404755552664
37909	0.523566191993709
32725	-0.43973404755552664
62052	-0.6690912474482018
32724	-0.4856054875340617
23229	1.4639307115536773
89191	-0.5314769275125967
59833	-0.46266976754479416
02062	0.385951872058104
02067	-0.43973404755552664
04743	-0.3250554476091891
38485	-0.6002840874803993
29690	-0.6232198074696668
35160	-0.5085412075233292
34950	-0.5085412075233292
11710	-0.4856054875340617
25304	0.5923733519615116
50428	-0.5085412075233292
34952	1.3951235515858746
25303	-0.34799116759845655
25301	3.6428241105340913
37934	0.1565946721654288
76645	-0.5314769275125967
11717	0.40888759204737146
37938	-0.6690912474482018
76642	-0.5544126475018643
89169	-0.07276252772724637
44266	-0.46266976754479416
11714	0.34008043207956895
25309	0.2942089921010339
12498	-0.5544126475018643
59801	-0.6461555274589343
87020	-0.5544126475018643
02072	-0.3938626075769916
59808	-0.09569824771651389
99362	-0.04982680773797885
92008	-0.6461555274589343
61637	-0.46266976754479416
61636	-0.3250554476091891
37920	1.3492521116073397
47601	-0.4167983275662591
31639	-0.34799116759845655
37923	-0.233312567652119
32707	-0.27918400763065404
11706	-0.18744112767358395
32701	0.5006304720044416
44256	-0.07276252772724637
32703	-0.04982680773797885
11702	0.17953039215469632
35180	-0.6690912474482018
02081	-0.6002840874803993
49740	-0.3938626075769916
48640	0.4547590320259065
17512	-0.6002840874803993
55041	-0.6232198074696668
49085	0.8217305518541868
90710	-0.5773483674911317
15084	-0.34799116759845655
01432	-0.5544126475018643
98903	-0.5544126475018643
33803	-0.3250554476091891
45331	-0.11863396770578141
98902	1.0281520317575943
90706	-0.6690912474482018
70555	-0.27918400763065404
01436	-0.4856054875340617
70554	-0.3250554476091891
98901	-0.6690912474482018
33805	1.762095071414155
97458	-0.27918400763065404
90703	-0.6002840874803993
84341	0.5694376319722441
30513	0.2712732721117664
55044	-0.6232198074696668
30512	-0.3250554476091891
35121	-0.30211972761992156
15090	-0.5544126475018643
06226	-0.6232198074696668
49093	-0.46266976754479416
78130	-0.6002840874803993
90720	-0.2562482876413865
92093	-0.3938626075769916
87015	-0.6461555274589343
01420	-0.14156968769504893
45320	-0.6690912474482018
90715	-0.07276252772724637
33813	-0.4856054875340617
63141	2.6795238709848554
90716	-0.3938626075769916
63146	-0.6461555274589343
70563	0.34008043207956895
97448	-0.6690912474482018
45324	-0.46266976754479416
90712	-0.6002840874803993
77702	4.147409950297977
77701	2.1290665912424354
30525	-0.5314769275125967
22601	1.051087751746862
70560	-0.6002840874803993
35126	-0.5773483674911317
77706	0.5694376319722441
99354	-0.5085412075233292
62704	0.9134734318112567
62703	-0.04982680773797885
99352	-0.5544126475018643
62702	1.8309022313819574
62701	-0.21037684766285147
35150	0.5465019119829766
06239	-0.6002840874803993
55060	-0.6232198074696668
40475	-0.003955367759443821
26062	1.3721878315966072
90732	-0.6232198074696668
90723	0.47769475201517403
50461	-0.6690912474482018
33019	-0.46266976754479416
71103	2.3813595111243777
71104	-0.5085412075233292
34994	2.0602594312746327
33016	0.5694376319722441
71101	0.06485179220835872
06232	-0.6232198074696668
33014	-0.43973404755552664
33013	0.06485179220835872
30535	-0.07276252772724637
55066	-0.5314769275125967
84321	-0.6232198074696668
71105	-0.04982680773797885
33012	0.34008043207956895
70570	0.8217305518541868
71106	-0.43973404755552664
34996	0.2942089921010339
90740	-0.27918400763065404
97424	-0.6690912474482018
70586	-0.003955367759443821
33009	-0.6232198074696668
71110	-0.6002840874803993
45342	0.5006304720044416
71111	0.9822805917790594
48653	-0.5773483674911317
30548	-0.2562482876413865
46514	0.8905377118219893
06241	-0.6461555274589343
71115	0.018980352229823697
48658	0.3630161520688365
97420	-0.14156968769504893
99336	1.0052163117683268
51503	-0.21037684766285147
30547	-0.6461555274589343
71118	-0.6461555274589343
17522	-0.5314769275125967
48659	-0.6690912474482018
06905	-0.4167983275662591
55082	0.041916072219091216
06902	-0.09569824771651389
49048	1.1428306317039318
63116	-0.4167983275662591
11772	3.413466910641416
63118	-0.3709268875877241
46544	-0.6690912474482018
63117	0.9134734318112567
11776	-0.5773483674911317
46545	2.3584237911351105
91910	1.096959191725397
11777	-0.5544126475018643
91911	0.523566191993709
06254	0.20246611214396384
86305	0.7758591118756517
98948	-0.6461555274589343
63110	5.638231749600365
97417	-0.5773483674911317
86301	0.34008043207956895
90745	-0.5314769275125967
63112	-0.11863396770578141
43078	-0.3250554476091891
02920	-0.3938626075769916
98944	-0.6690912474482018
90746	-0.5085412075233292
92054	-0.6461555274589343
43064	-0.3250554476091891
55092	-0.16450540768431643
92056	-0.09569824771651389
48670	-0.09569824771651389
02914	-0.43973404755552664
02915	-0.5314769275125967
63105	-0.6690912474482018
46530	-0.46266976754479416
97401	1.188702071682467
17543	0.11072323218689377
63104	0.47769475201517403
38401	0.6153090719507791
02919	-0.27918400763065404
63109	-0.5544126475018643
46534	-0.2562482876413865
11766	-0.6690912474482018
63108	0.431823312036639
06260	-0.3938626075769916
97408	-0.6232198074696668
63103	-0.5314769275125967
02910	-0.2562482876413865
43065	-0.5314769275125967
97405	-0.6461555274589343
90755	-0.026891087748711337
15063	-0.2562482876413865
92083	0.17953039215469632
15065	-0.4167983275662591
11791	-0.4167983275662591
11790	0.6611805119293142
91942	1.4868664315429447
91941	-0.18744112767358395
02905	-0.4167983275662591
86326	-0.18744112767358395
02906	0.041916072219091216
02907	-0.6002840874803993
11797	0.22540183213323134
02908	-0.09569824771651389
35115	-0.4167983275662591
11794	0.6841162319185817
46563	-0.5085412075233292
11795	0.5006304720044416
02903	0.9593448717897918
11793	-0.5544126475018643
02904	0.041916072219091216
63139	-0.27918400763065404
63136	-0.3250554476091891
86322	-0.5085412075233292
98926	-0.6690912474482018
15857	-0.6690912474482018
63131	0.13365895217616128
43081	2.243745191188773
43082	-0.6232198074696668
57642	-0.6461555274589343
43085	-0.5544126475018643
92078	-0.43973404755552664
91950	-0.46266976754479416
62769	-0.5314769275125967
11786	-0.5773483674911317
78801	-0.233312567652119
11787	0.7529233918863841
11788	-0.6232198074696668
86314	-0.07276252772724637
63129	-0.6690912474482018
45309	-0.3938626075769916
63128	4.055667070340907
30501	1.5786093115000148
11783	-0.6232198074696668
45305	-0.5773483674911317
63125	-0.21037684766285147
45303	-0.6461555274589343
63123	-0.6002840874803993
63122	1.3721878315966072
86313	-0.6690912474482018
28105	0.24833755212249886