id	rate
1001	-0.2878642178360179
1003	-0.19445890015300274
1005	-0.3451763893764871
1007	-0.374491235739141
1009	-0.2854318710332394
1011	-0.3777850387012369
1013	-0.25426742762263943
1015	-0.16698164912709715
1017	-0.13198499265482785
1019	0.016236140639489118
1021	-0.31948472627213886
1023	-0.38272574314438085
1025	-0.29049926020569466
1027	-0.3333186987129418
1029	0.061937656738570185
1031	-0.2987337676109346
1033	-0.17741202517373428
1035	-0.3036744720540784
1037	-0.16533474764604922
1039	-0.3149675107812645
1041	-0.31684968390246215
1043	-0.12185654854638286
1045	-0.22363506007514725
1047	-0.0467578410105956
1049	-0.3283779942697979
1051	-0.24109221577425563
1053	-0.2542674276226394
1055	-0.1416193663189585
1057	-0.3115795991631086
1059	-0.2825000244406045
1061	0.215099494476031
1063	-0.3827257431443808
1065	-0.38766644758752467
1067	-0.274030245395215
1069	0.14691777316064533
1071	-0.31073262125856965
1073	0.21790891464958356
1075	-0.32673109278874995
1077	-0.04534621116969736
1079	-0.27600652717247254
1081	-0.13209728139217208
1083	-0.31714912053537997
1085	0.2892100611231896
1087	-0.2394453142932077
1089	0.09373001576401796
1091	-0.3175084444948813
1093	-0.29943958253138364
1095	-0.28179420952015544
1097	-0.02667626811265584
1099	-0.2977456267223057
1101	0.11332098294726675
1103	-0.07804896915050696
1105	-0.4024885609169564
1107	-0.34517638937648715
1109	-0.29576934494504814
1111	-0.3563753194476133
1113	-0.24685637095792354
1115	-0.2762261140366123
1117	0.006972319808594283
1119	-0.3662567283339011
1121	-0.19497897430491262
1123	-0.31948472627213886
1125	-0.11592770321461021
1127	-0.2848997951701316
1129	-0.3926071520306686
1131	-0.33002489575084587
1133	-0.33924754404471447
2013	-0.4123699698032442
2016	-0.3975478564738125
2020	0.25524271807657545
2050	-0.3399063046371336
2060	-0.4123699698032442
2068	-0.4123699698032442
2070	-0.28391165428150283
2090	-0.018760515832780166
2100	-0.372844334258093
2105	-0.4123699698032442
2110	0.6548221899158382
2122	-0.22603483080467426
2130	-0.0467578410105956
2150	-0.19497897430491262
2164	-0.4123699698032442
2170	-0.04082899567882294
2180	-0.372844334258093
2185	-0.3926071520306686
2188	-0.25426742762263943
2195	-0.3926071520306686
2198	-0.3901367998090966
2220	-0.0467578410105956
2230	-0.3926071520306686
2240	-0.3926071520306686
2261	-0.38766644758752467
2270	-0.4090761668411482
2275	-0.372844334258093
2290	-0.4090761668411483
4001	-0.23270799005255693
4003	-0.23862186355268378
4005	-0.016407799431283086
4007	-0.222976299482728
4009	-0.19744932652648456
4011	-0.3679036298149491
4012	-0.3267310927887499
4013	0.384755112459777
4015	-0.09051836607844163
4017	-0.2398253684811418
4019	0.20844028413961976
4021	-0.24982079362380988
4023	-0.3570340800400325
4025	-0.1356905209871858
4027	-0.07640206766945903
5001	-0.3086151764972223
5003	-0.35472841796656535
5005	0.09487568635952952
5007	-0.06322685582107529
5009	0.08170047451114582
5011	-0.30367447205407844
5013	-0.28720545724359875
5015	-0.2592081320657833
5017	-0.372844334258093
5019	-0.19497897430491262
5021	-0.3662567283339011
5023	-0.3563753194476133
5025	0.0026492034208434045
5027	-0.25426742762263943
5029	-0.27403024539521503
5031	0.13802450516298626
5033	-0.2789709498383589
5035	-0.25031486406812425
5037	-0.3580222209286613
5039	-0.372844334258093
5041	-0.372844334258093
5043	-0.33084834649136985
5045	-0.03687643212430785
5047	-0.3629629253718052
5049	-0.3714327044171947
5051	0.28097555371794974
5053	0.13308380071984235
5055	0.3047379893730704
5057	-0.2715598931736431
5059	0.4255735037539613
5061	-0.224623200963776
5063	-0.1822743057368283
5065	-0.3753146864796649
5067	-0.3160262331619381
5069	-0.10322303464652591
5071	-0.27403024539521503
5073	-0.4123699698032442
5075	-0.3596691224097093
5077	-0.31026207797827027
5079	-0.06816756026421918
5081	-0.32343728982665404
5083	-0.35308151648551744
5085	-0.2795199169987083
5087	0.3919767135405828
5089	0.08762931984291847
5091	0.022412021193419
5093	-0.33614195839473826
5095	-0.372844334258093
5097	-0.3777850387012369
5099	-0.3827257431443808
5101	0.07675977006800191
5103	-0.28391165428150283
5105	-0.38766644758752467
5107	-0.2789709498383589
5109	-0.32673109278874995
5111	-0.3767968978126081
5113	0.0026492034208433985
5115	-0.21803559503958414
5117	-0.3646098268528532
5119	0.28307677284894195
5121	-0.27732404835731095
5123	-0.28638200650307477
5125	-0.2196824965206321
5127	-0.1999196787480565
5129	-0.3926071520306686
5131	0.014327232104638094
5133	-0.2345046098500638
5135	-0.3688917707035778
5137	-0.323437289826654
5139	-0.1396430845417009
5141	-0.3753146864796649
5143	0.01817713167072425
5145	-0.22352526664307737
5147	-0.3061448242756503
5149	-0.37284433425809305
6001	0.10773418638463482
6003	-0.3827257431443808
6005	-0.31973176149429605
6007	0.19129428215906508
6009	-0.35184634037473145
6011	-0.31684968390246215
6013	0.0849176774043558
6015	-0.1455719298734736
6017	-0.09023604011026193
6019	0.03656647176026377
6021	-0.34320010759922964
6023	-0.12498566136037402
6025	-0.1927831056635153
6027	-0.1999196787480565
6029	-0.10971653191465787
6031	-0.09492970933124861
6033	-0.3036744720540784
6035	-0.2690895409520711
6037	0.21563759099954175
6039	-0.3117592611428593
6041	-0.09408458883439505
6043	-0.3679036298149491
6045	-0.23944531429320778
6047	-0.14839518955527015
6049	-0.3827257431443808
6051	-0.224623200963776
6053	0.01017789590563409
6055	-0.03957136182056809
6057	0.044998098647791106
6059	0.3052399022053897
6061	-0.031441657236849496
6063	-0.35802222092866126
6065	0.06811353729250007
6067	0.216746395957079
6069	0.005943006382939338
6071	-0.014268966339012977
6073	0.2615215299730707
6075	0.5611191746148333
6077	-0.03758224704475693
6079	0.03699886288270102
6081	0.050693294902449566
6083	0.07720892501737861
6085	0.2858631323068664
6087	0.09934584752237399
6089	0.0033550183412925172
6091	-0.4123699698032442
6093	-0.2974985915001485
6095	0.10750193104756393
6097	0.0012375735799451473
6099	0.04170429568569518
6101	0.12715495538806967
6103	-0.1521595357976655
6105	-0.38519609536595273
6107	0.02845065995726155
6109	-0.17850995949443293
6111	0.24507310143110406
6113	-0.09067521383854138
6115	-0.20156658022910445
8001	0.1390763970766879
8003	-0.1653347476460492
8005	0.24910316623178616
8007	-0.31026207797827027
8009	-0.3893133490685727
8011	-0.2295639054069199
8013	0.15503092993043943
8014	0.01582441526922711
8015	-0.15051263431661752
8017	-0.3975478564738125
8019	-0.28720545724359875
8021	-0.1653347476460492
8023	-0.3975478564738125
8025	-0.4024885609169564
8027	-0.39507750425224053
8029	-0.2641488365089272
8031	0.29543964498628406
8033	-0.3827257431443808
8035	-0.0022915010223005052
8037	-0.2122714398559163
8039	-0.3086151764972223
8041	0.11070719091928095
8043	-0.2570906873044359
8045	-0.24191566651477964
8047	-0.2937930631677906
8049	-0.37877317958986567
8051	-0.3086151764972223
8053	-0.33002489575084587
8055	-0.3399063046371336
8057	-0.4123699698032442
8059	0.16202676610290467
8061	-0.4123699698032442
8063	-0.3827257431443808
8065	-0.33331869871294184
8067	0.08170047451114579
8069	0.21691975400771576
8071	-0.27073644243311906
8073	-0.3991947579548605
8075	-0.2048603831912004
8077	-0.020914156231073677
8079	-0.4024885609169564
8081	-0.125809112100898
8083	-0.27155989317364304
8085	-0.07310826470736309
8087	-0.2098010876343443
8089	-0.2839116542815028
8091	-0.3827257431443808
8093	-0.38766644758752467
8095	-0.38766644758752467
8097	-0.24438601873635157
8099	-0.224623200963776
8101	0.059242727042309866
8103	-0.31684968390246215
8105	-0.3753146864796649
8107	-0.2542674276226394
8109	-0.35110523470825983
8111	0.6498814854726943
8113	-0.34320010759922964
8115	-0.3629629253718052
8117	-0.27155989317364304
8119	-0.2196824965206321
8121	-0.3629629253718052
8123	-0.05577999695024971
8125	-0.3654332775933772
9001	0.19078347849114644
9003	0.255354086414433
9005	-0.11812357185600751
9007	-0.16318661527946485
9009	0.3248606343599927
9011	-0.11190194403871517
9013	-0.22202283020422656
9015	-0.29735037036685413
10001	-0.05136916515752994
10003	0.3532562298306106
10005	-0.12675019866149684
11001	0.3332529121592153
12001	0.3811071637656661
12003	-0.18509756541862482
12005	0.13209565983121355
12007	-0.33529498049019935
12009	0.2488939128671354
12011	0.42787916582742846
12013	-0.375314686479665
12015	-0.043270284933082256
12017	-0.13639633590763492
12019	0.1446944561612305
12021	0.21125672435358583
12023	-0.16731102942330675
12027	-0.3036744720540784
12029	-0.38272574314438074
12031	0.6155710379508617
12033	0.25898457511807393
12035	0.13816566814707612
12037	-0.3866783066988959
12039	-0.3333186987129418
12041	-0.34517638937648715
12043	-0.3333186987129418
12045	-0.3184965853835101
12047	-0.3530815164855174
12049	-0.2839116542815028
12051	-0.25591432910368733
12053	-0.007232205465444402
12055	-0.10165455704552781
12057	0.2553309449416314
12059	-0.30367447205407844
12061	0.32026591762295137
12063	-0.26217255473166967
12065	-0.323437289826654
12067	-0.3777850387012369
12069	0.14373376363061918
12071	0.20733553035109067
12073	0.28112527203440874
12075	-0.3432001075992297
12077	-0.33331869871294184
12079	-0.3086151764972223
12081	0.07456390142660463
12083	-0.006441692754541368
12085	0.29497421630685744
12086	0.3229303689476467
12087	-0.13322016876561385
12089	-0.13816087320875775
12091	0.016647866009751117
12093	-0.19168517134281668
12095	0.3276377623476423
12097	-0.05257043447311784
12099	0.3997699756433532
12101	0.008441753457632777
12103	0.22246013578928628
12105	-0.029320060623028898
12107	-0.2730421045065862
12109	0.6037682440033513
12111	0.12451991301839294
12113	-0.1631388790046519
12115	0.21162270246048537
12117	0.418903552755717
12119	-0.10275249136622647
12121	-0.3432001075992296
12123	-0.32343728982665404
12125	-0.3530815164855174
12127	0.06706135023516388
12129	-0.3629629253718052
12131	-0.1468071059842596
12133	-0.25426742762263943
13001	-0.17521615653233702
13003	-0.40742926536010027
13005	-0.35308151648551744
13007	-0.2839116542815028
13009	-0.1554533387597614
13011	-0.28020612594914485
13013	-0.2888523587246467
13015	-0.060591813451398524
13017	-0.323437289826654
13019	0.2365092137296547
13021	0.21091889840875544
13023	-0.2970868661298865
13025	-0.35061116426394545
13027	0.38802414998606755
13029	-0.32343728982665404
13031	-0.2575612305847353
13033	-0.35802222092866126
13035	-0.23697496207163576
13037	-0.3926071520306686
13039	-0.28532328412240104
13043	-0.35308151648551744
13045	-0.008467381576230358
13047	-0.24767982169844752
13049	-0.29379306316779064
13051	0.3294415115887901
13053	-0.3432001075992296
13055	-0.34649391056132556
13057	0.02549996147038393
13059	0.2941507655663335
13061	-0.3926071520306686
13063	0.04566239504350791
13065	-0.372844334258093
13067	0.4060684618653758
13069	-0.279676764758808
13071	-0.3283779942697979
13073	0.5816997641573084
13075	-0.35308151648551744
13077	-0.12951464043325592
13079	-0.3629629253718052
13081	-0.2147417920774882
13083	-0.3580222209286613
13085	-0.1850975654186248
13087	-0.24191566651477964
13089	0.20719436736700092
13091	-0.14557192987347362
13093	-0.2641488365089272
13095	0.10022811617293544
13097	0.47131031059906475
13099	-0.31108552871879425
13101	-0.4024885609169564
13103	-0.29626341538936257
13105	-0.23944531429320773
13107	-0.22603483080467426
13109	-0.35308151648551744
13111	-0.143595648096216
13113	0.06617254626126495
13115	0.11763287046128322
13117	0.22794532602820522
13119	-0.3069682750161744
13121	0.47715849136850047
13123	-0.10209373077380728
13125	-0.3926071520306686
13127	0.0817004745111458
13129	0.056996952295426284
13131	0.05600881140679751
13133	-0.19893153785942772
13135	0.21152174298272
13137	-0.20156658022910448
13139	0.08046529840035989
13141	0.09158188339743359
13143	-0.33924754404471447
13145	-0.3787731795898657
13147	-0.2822647528004549
13149	-0.2196824965206321
13151	0.10245143317235014
13153	-0.12491080220214458
13155	-0.29708686612988655
13157	-0.22013165147000882
13159	-0.10851664654989436
13161	-0.26661918873049917
13163	-0.3926071520306686
13165	-0.3777850387012369
13167	-0.372844334258093
13169	-0.012172909908588306
13171	-0.059109602118455375
13173	-0.323437289826654
13175	-0.18086267589593003
13177	0.22827470632441482
13179	-0.21721214429906016
13181	-0.372844334258093
13183	-0.23121080688796788
13185	-0.057874426007669386
13187	-0.20733073541277236
13189	-0.2443860187363516
13191	-0.3382594031560857
13193	-0.34649391056132556
13195	-0.3319070688720435
13197	-0.3827257431443808
13199	-0.3643745552127035
13201	-0.2937930631677906
13205	-0.3432001075992296
13207	0.03229343007970676
13209	-0.0961648854420346
13211	-0.36049257315023325
13213	-0.19497897430491262
13215	0.26845910246198523
13217	-0.10494836000762375
13219	0.5741240173444878
13221	-0.39754785647381247
13223	0.04397145876350147
13225	-0.23779841281215974
13227	-0.2712069857134185
13229	-0.31684968390246215
13231	0.13604822338572867
13233	-0.3333186987129418
13235	-0.23203425762849186
13237	-0.07393171544788707
13239	-0.3926071520306686
13241	-0.3313424169356843
13243	-0.3629629253718052
13245	0.9402851132974858
13247	0.21312321269877352
13249	-0.3333186987129418
13251	-0.35308151648551744
13253	-0.28391165428150283
13255	-0.01958396657330417
13257	-0.22132939800168008
13259	-0.4024885609169564
13261	-0.25179707540106744
13263	-0.372844334258093
13265	-0.40742926536010027
13267	-0.35110523470825983
13269	-0.4024885609169564
13271	-0.37284433425809305
13273	-0.2641488365089272
13275	-0.0516985454537395
13277	-0.030947586792535085
13279	0.04711554340913851
13281	-0.26744263947102315
13283	-0.3777850387012369
13285	-0.14557192987347362
13287	-0.372844334258093
13289	-0.125809112100898
13291	-0.26019627295441206
13293	-0.10604629432832241
13295	-0.27942010478773566
13297	-0.049722263676481936
13299	-0.02699502323802004
13301	-0.3926071520306686
13303	-0.3333186987129418
13305	-0.21803559503958414
13307	-0.4024885609169564
13309	-0.3975478564738125
13311	-0.29049926020569466
13313	0.13506008249709991
13315	-0.242409736959094
13317	-0.3530815164855174
13319	-0.055227620055985145
13321	-0.27544187523611324
15001	-0.20733073541277236
15003	0.30106775178673495
15007	-0.2641488365089272
15009	-0.1365888308859392
16001	0.37398214788450074
16003	-0.32673109278874995
16005	0.06852526266276207
16007	-0.3366125016750377
16009	-0.3866783066988959
16011	-0.29626341538936257
16013	-0.10604629432832241
16015	-0.3876664475875247
16017	-0.3036744720540784
16019	0.12546099957899176
16021	-0.2443860187363516
16023	-0.3926071520306686
16025	-0.4123699698032442
16027	-0.1159277032146102
16029	-0.32343728982665404
16031	-0.20815418615329637
16035	-0.3086151764972223
16037	-0.3926071520306686
16039	-0.33825940315608566
16041	-0.35308151648551744
16043	-0.2196824965206321
16045	-0.27007768184069986
16047	-0.31602623316193823
16049	-0.3679036298149491
16051	-0.2493267231794955
16053	0.8969167076298892
16055	0.021423880304790227
16057	-0.2937930631677906
16059	-0.2443860187363516
16061	-0.4024885609169564
16063	-0.3497877135234215
16065	-0.1455719298734736
16067	-0.13569052098718581
16069	0.1442827307909685
16071	-0.3629629253718052
16073	-0.38601954610647676
16075	-0.3135558809403662
16077	-0.3382594031560857
16079	-0.3827257431443808
16081	-0.3629629253718052
16083	0.09355816517469115
16085	-0.3333186987129418
16087	-0.323437289826654
17001	0.05699695229542629
17003	-0.3991947579548605
17005	-0.24685637095792357
17007	0.12616681449944087
17009	-0.33331869871294184
17011	-0.2855585557625508
17013	-0.3827257431443808
17015	-0.3917088421319152
17017	-0.3802553909228088
17019	0.006718018844608949
17021	-0.3609866435945477
17023	-0.3827257431443808
17025	-0.37778503870123686
17027	-0.2632505266101738
17029	-0.14133704035077882
17031	0.5378660434680826
17033	-0.3530815164855174
17035	-0.17356925505128903
17037	-0.2646689106608371
17039	-0.35901036181729007
17041	-0.38554900282617727
17043	0.553430342213059
17045	-0.37425596409899126
17047	-0.3926071520306686
17049	-0.20980108763434427
17051	-0.37877317958986567
17053	-0.3366125016750377
17055	-0.323437289826654
17057	-0.32343728982665404
17059	-0.3679036298149491
17061	-0.3926071520306686
17063	-0.26055559691391345
17065	-0.3366125016750377
17067	-0.3777850387012369
17069	-0.4024885609169564
17071	-0.4090761668411483
17073	-0.36559796774148196
17075	-0.3713241175063563
17077	-0.048169470851493874
17079	-0.38601954610647676
17081	0.5708302143823919
17083	-0.26744263947102315
17085	-0.3767968978126081
17087	-0.38272574314438074
17089	0.15028907736890815
17091	-0.19709641906626005
17093	-0.02946537545959195
17095	-0.24109221577425563
17097	0.19152527613303016
17099	-0.28183135767386325
17101	-0.3629629253718052
17103	-0.2238630925879077
17105	-0.2690895409520711
17107	-0.2394453142932077
17109	-0.2977456267223057
17111	-0.0446097086440113
17113	-0.11244014713709691
17115	-0.0339120094584215
17117	-0.2196824965206321
17119	-0.08487184671484854
17121	-0.29096980348599405
17123	-0.3790202148120229
17125	-0.38272574314438074
17127	-0.33331869871294184
17129	-0.33331869871294184
17131	-0.3669154889263203
17133	-0.2819353725042452
17135	-0.3476916570929968
17137	-0.2974985915001485
17139	-0.372844334258093
17141	-0.31239336224786174
17143	0.0722682205742347
17145	-0.2987337676109345
17147	-0.30696827501617435
17149	-0.3382594031560857
17151	-0.4123699698032442
17153	-0.3926071520306686
17155	-0.4024885609169564
17157	-0.3366125016750378
17159	-0.3135558809403662
17161	-0.04751794938646387
17163	-0.1561348152346778
17165	-0.2517970754010675
17167	0.2496844255780385
17169	-0.30367447205407844
17171	-0.2285757645182911
17173	-0.35731640600821224
17175	-0.3886545884761535
17177	-0.2718343767538177
17179	-0.25198710249503453
17181	-0.323437289826654
17183	-0.28720545724359875
17185	-0.3184965853835101
17187	-0.1020937307738073
17189	-0.2295639054069199
17191	-0.3333186987129418
17193	-0.35308151648551744
17195	-0.2901998235727769
17197	0.005119555642415319
17199	-0.019583966573304152
17201	0.04258656433625658
17203	-0.34978771352342153
18001	-0.27685350507701145
18003	0.03069965445288618
18005	0.0760539551475528
18007	-0.3827257431443808
18009	0.019941668971847043
18011	0.11063888624956007
18013	0.08875862371563714
18015	-0.02304245968350487
18017	-0.08875382877731874
18019	0.09355816517469114
18021	-0.120162592737305
18023	-0.33496560019398974
18025	-0.3926071520306686
18027	-0.26661918873049917
18029	-0.2768535050770115
18031	-0.3096033173858511
18033	-0.3283779942697979
18035	-0.14742469403965258
18037	-0.21227143985591623
18039	-0.04741660160301476
18041	-0.2295639054069199
18043	-0.051698545453739496
18045	-0.26612511828618474
18047	-0.21474179207748822
18049	-0.3399063046371336
18051	-0.3442980419199283
18053	-0.2443860187363516
18055	0.05770276721587547
18057	0.4880734149597316
18059	-0.23203425762849186
18061	-0.3446117374401279
18063	-0.022671906850269086
18065	-0.2948909974884893
18067	-0.18869080501363855
18069	-0.12251530913880208
18071	0.2645065389074701
18073	-0.3417884777583314
18075	-0.34814081204237346
18077	-0.17126359297782184
18079	-0.10851664654989435
18081	-0.033912009458421453
18083	0.07181906562485794
18085	-0.2918167813905331
18087	-0.3481408120423735
18089	0.1561910953462384
18091	0.0860922117939404
18093	-0.1389843239492817
18095	-0.15174781042740346
18097	0.5385979996818817
18099	-0.28687607694738915
18101	-0.36296292537180525
18103	-0.23079908151770587
18105	0.01709126256234097
18107	-0.19168517134281668
18109	-0.2987337676109345
18111	-0.31750844449488136
18113	-0.33529498049019935
18115	-0.3629629253718052
18117	-0.3717463999373944
18119	-0.33167179723189383
18121	-0.28532328412240104
18123	-0.34814081204237346
18125	-0.3432001075992296
18127	0.14859001158755553
18129	-0.26661918873049917
18131	-0.3206140301448575
18133	-0.32467246593744
18135	-0.2977456267223057
18137	-0.19744932652648456
18139	-0.22215284874220406
18141	-0.009809964305345567
18143	-0.3382594031560857
18145	-0.13129878370439121
18147	-0.35925739703944726
18149	-0.29255788705700464
18151	-0.3115795991631086
18153	-0.36493920714906275
18155	-0.1603940432029053
18157	0.06649830699377991
18159	-0.08910673623754331
18161	-0.1653347476460492
18163	0.12863716672101283
18165	-0.38766644758752467
18167	-0.06405030656159925
18169	-0.1416193663189585
18171	-0.2773240483573109
18173	-0.2147417920774882
18175	-0.32508419130770194
18177	0.09322878487848159
18179	-0.20288410141394286
18181	-0.19356734446401433
18183	-0.21693766071888548
19001	-0.3217903883456061
19003	-0.323437289826654
19005	-0.2782651349179098
19007	-0.35637531944761336
19009	-0.34517638937648715
19011	-0.34320010759922964
19013	-0.09748240662687305
19015	-0.337810248206709
19017	-0.28391165428150283
19019	-0.34155320611818163
19021	-0.35143461500446943
19023	-0.3110855287187943
19025	-0.39063087025341103
19027	-0.3098503526080083
19029	-0.3646098268528532
19031	-0.37968530964090763
19033	-0.03264154260161301
19035	-0.3615512955309069
19037	-0.3460233672810262
19039	-0.3695505312959971
19041	-0.23055204629554868
19043	-0.39343060277119263
19045	-0.18756791764019676
19047	-0.3837138840330096
19049	-0.017113614351732205
19051	-0.323437289826654
19053	-0.38601954610647676
19055	-0.3304954390311453
19057	-0.18180376245652888
19059	-0.17686305801338498
19061	-0.12792655686224538
19063	-0.3530815164855174
19065	-0.3619747844831765
19067	-0.3497877135234215
19069	-0.34484700908027754
19071	-0.325907642048226
19073	-0.3559047761673139
19075	-0.325084191307702
19077	-0.3686094447353982
19079	-0.3192024003039592
19081	-0.33084834649136985
19083	-0.3491289529310023
19085	-0.4024885609169564
19087	-0.3086151764972223
19089	-0.3794319401822848
19091	-0.33331869871294184
19093	-0.39425405351171655
19095	-0.372844334258093
19097	-0.323437289826654
19099	-0.2850095886022015
19101	-0.26217255473166967
19103	0.2725676882620734
19105	-0.37504020289949036
19107	-0.39063087025341103
19109	-0.3827257431443808
19111	-0.26019627295441206
19113	-0.05616870661658397
19115	-0.26273720666802897
19117	-0.3366125016750377
19119	-0.34196493148844365
19121	-0.372844334258093
19123	-0.16039404320290532
19125	-0.30367447205407844
19127	-0.23944531429320767
19129	-0.10439939284727444
19131	-0.3827257431443808
19133	-0.38272574314438085
19135	-0.3893133490685727
19137	-0.3688917707035778
19139	-0.21309489059644024
19141	-0.36049257315023325
19143	-0.31355588094036624
19145	-0.2962634153893625
19147	-0.3926071520306686
19149	-0.3444352837100156
19151	-0.4010769310760582
19153	0.13924514979011596
19155	-0.2615137941392504
19157	-0.2987337676109345
19159	-0.3679036298149491
19161	-0.3493759881531595
19163	0.06345787349030675
19165	-0.3646098268528532
19167	-0.2973863027628043
19169	-0.15248891609387505
19171	-0.26854057379172175
19173	-0.3530815164855174
19175	-0.2690895409520711
19177	-0.3827257431443808
19179	-0.17916872008685214
19181	-0.33529498049019935
19183	-0.2980279526904854
19185	-0.3669154889263203
19187	-0.21035005479469362
19189	-0.3662567283339011
19191	-0.2526205261415915
19193	-0.22132939800168008
19195	0.09948701050646383
19197	-0.33924754404471447
20001	-0.19168517134281668
20003	-0.27403024539521503
20005	-0.3214610080493965
20007	-0.36790362981494906
20009	-0.19497897430491262
20011	-0.1999196787480565
20013	-0.3086151764972223
20015	-0.056639249896883404
20017	-0.0368764321243078
20019	-0.3991947579548605
20021	-0.24987569033984483
20023	-0.32343728982665404
20025	-0.3827257431443808
20027	-0.3214610080493964
20029	-0.323437289826654
20031	-0.3679036298149491
20033	-0.3827257431443808
20035	-0.2196824965206321
20037	-0.17521615653233696
20039	-0.3926071520306686
20041	-0.17850995949443293
20043	-0.3357890509345138
20045	-0.05334544693478747
20047	-0.3432001075992296
20049	-0.4024885609169564
20051	0.3287356966683408
20053	-0.35308151648551744
20055	-0.1011055898851785
20057	-0.20486038319120042
20059	-0.22709355318534793
20061	0.3122666818578611
20063	-0.3432001075992296
20065	-0.3530815164855174
20067	-0.33331869871294184
20069	-0.12827946432246995
20071	-0.3827257431443808
20073	-0.38766644758752467
20075	-0.372844334258093
20077	-0.372844334258093
20079	-0.22709355318534793
20081	-0.3926071520306686
20083	-0.1356905209871858
20085	-0.3629629253718052
20087	-0.1594059023142765
20089	-0.3926071520306686
20091	0.22127537502996097
20093	-0.32343728982665404
20095	-0.37086805248083543
20097	-0.3629629253718052
20099	-0.25920813206578325
20101	0.1508703367151604
20103	-0.016015680031033572
20105	-0.33331869871294184
20107	-0.3679036298149491
20109	-0.3481408120423735
20111	-0.24043345518183648
20113	-0.2970868661298865
20115	-0.08875382877731877
20117	-0.3777850387012369
20119	-0.38766644758752467
20121	-0.3093209914176715
20123	-0.26414883650892723
20125	-0.26019627295441206
20127	-0.3530815164855174
20129	-0.3432001075992296
20131	-0.3184965853835101
20133	-0.16286439542447725
20135	-0.3926071520306686
20137	-0.32343728982665404
20139	-0.38667830669889586
20141	-0.33331869871294184
20143	0.12122611005629702
20145	-0.2690895409520711
20147	-0.27403024539521503
20149	-0.13145563146449102
20151	-0.0665206587831712
20153	-0.3432001075992296
20155	-0.2147417920774882
20157	-0.3481408120423735
20159	0.024882373414990944
20161	-0.0735788079876625
20163	-0.34320010759922964
20165	-0.4024885609169564
20167	-0.27403024539521503
20169	0.4110807707207391
20171	-0.32343728982665404
20173	0.02940131040567138
20175	-0.1603940432029053
20177	-0.0806983324026276
20179	-0.3629629253718052
20181	-0.25426742762263943
20183	-0.3432001075992296
20185	-0.25426742762263943
20187	-0.3926071520306686
20189	-0.372844334258093
20191	-0.3777850387012369
20193	-0.2592081320657833
20195	-0.3283779942697979
20197	-0.175216156532337
20199	-0.3926071520306686
20201	-0.4008416594359084
20203	-0.372844334258093
20205	-0.21474179207748825
20207	-0.3563753194476133
20209	0.2214518287600733
21001	-0.26661918873049917
21003	-0.30120411983250645
21005	0.08828808043533766
21007	-0.4123699698032442
21009	-0.1712635929778219
21011	0.037234134522850695
21013	-0.24438601873635157
21015	-0.18707384719588238
21017	-0.056639249896883404
21019	0.38407158643155254
21021	0.46707542107637
21023	-0.3851960953659528
21025	-0.3135558809403662
21027	-0.2987337676109345
21029	-0.21474179207748822
21031	0.35179231740301226
21033	-0.3155321627176238
21035	0.13851857560730063
21037	-0.2323087412086665
21039	-0.3975478564738125
21041	-0.36049257315023325
21043	-0.059109602118455354
21045	-0.30085121237228185
21047	-0.11757460469565817
21049	0.5619369463847328
21051	0.4324904899743627
21053	-0.2789709498383589
21055	-0.3333186987129418
21057	-0.2888523587246467
21059	0.22333400188127098
21061	0.14494149138338772
21063	-0.1109869987714663
21065	-0.2493267231794955
21067	0.5205512809315748
21069	0.23650921372965464
21071	-0.33120125395159444
21073	-0.10604629432832242
21075	-0.3679036298149491
21077	-0.3787731795898656
21079	-0.25426742762263943
21081	-0.35703408004003256
21083	0.15828139337987623
21085	-0.27650059761678697
21087	-0.1801568609754809
21089	0.1791029335331256
21091	-0.3777850387012369
21093	-0.12383283032364045
21095	-0.32541357160391154
21097	-0.0467578410105956
21099	-0.34072975537765765
21101	0.17392695744983197
21103	-0.23450460985006383
21105	-0.22462320096377603
21107	-0.0615799543400273
21109	-0.21803559503958417
21111	0.4609329236605693
21113	-0.15051263431661752
21115	-0.30960331738585106
21117	0.2586675245655728
21119	0.027352725636562894
21121	-0.1159277032146102
21123	-0.242409736959094
21125	0.039351579284198066
21127	-0.21144798911539228
21129	-0.25624370939989694
21131	-0.3580222209286613
21133	-0.3446117374401279
21135	-0.18509756541862482
21137	-0.15827659844155792
21139	-0.31026207797827027
21141	-0.11592770321461021
21143	-0.3372712622674569
21145	0.33697020407358064
21147	-0.19497897430491262
21149	-0.16533474764604922
21151	-0.10110558988517852
21153	-0.26908954095207116
21155	-0.10604629432832241
21157	0.502648493067006
21159	-0.2542674276226394
21161	-0.16862855060814516
21163	-0.3283779942697979
21165	-0.33331869871294184
21167	-0.17521615653233702
21169	-0.09863523766360657
21171	-0.3555518687070893
21173	-0.1811450018641097
21175	-0.32673109278874995
21177	-0.27403024539521503
21179	-0.2641488365089272
21181	-0.14886573283556953
21183	-0.3086151764972223
21185	0.01747131675027508
21187	-0.3596691224097093
21189	-0.33331869871294184
21191	-0.35110523470825983
21193	-0.05416889767531147
21195	-0.10522284358779843
21197	-0.32343728982665404
21199	-0.12251530913880207
21203	-0.2542674276226394
21205	-0.02040741731382813
21207	-0.3333186987129418
21209	-0.14754821165073112
21211	-0.08079380495225358
21213	0.12451991301839292
21215	-0.3382594031560857
21217	-0.041817136567451715
21219	-0.0032796419109292763
21221	-0.29049926020569466
21223	-0.3777850387012369
21225	-0.3382594031560857
21227	0.37023761399074956
21229	-0.25097362466054346
21231	-0.25097362466054346
21233	-0.3654332775933772
21235	0.08170047451114579
21237	-0.30861517649722237
21239	0.04382174044704257
22001	-0.2279170039258719
22003	-0.36049257315023325
22005	-0.2114479891153923
22007	-0.017113614351732233
22009	-0.2895581736450958
22011	-0.28720545724359875
22013	-0.323437289826654
22015	0.10754415929066775
22017	0.3003266461202634
22019	0.1390126460516151
22021	-0.3580222209286613
22023	-0.36049257315023325
22025	-0.3580222209286613
22027	-0.30565075383133594
22029	-0.32014348686455807
22031	-0.31355588094036624
22033	0.1720447843286343
22035	-0.3827257431443808
22037	-0.23845717340457892
22039	-0.04111132164700258
22041	-0.3061448242756504
22043	-0.2542674276226394
22045	-0.1894893027014194
22047	-0.3530815164855174
22049	-0.023701220275924084
22051	0.7356172390448975
22053	-0.3283779942697979
22055	0.12018596175247721
22057	-0.19695525608217018
22059	-0.38025539092280886
22061	-0.12827946432246995
22063	-0.06871652742456848
22065	-0.35308151648551744
22067	-0.25426742762263943
22069	-0.22791700392587197
22071	0.3598621346601475
22073	0.05924272704230989
22075	-0.3629629253718052
22077	-0.37449123573914095
22079	-0.051318491265805344
22081	-0.3679036298149491
22083	-0.3184965853835101
22085	-0.38025539092280886
22087	-0.3366125016750377
22089	-0.2855585557625508
22091	-0.3254135716039116
22093	-0.3555518687070894
22095	-0.3036744720540784
22097	-0.22674064572512337
22099	-0.09863523766360659
22101	-0.23697496207163576
22103	0.20945297511243802
22105	-0.11043803161111697
22107	-0.3530815164855174
22109	0.22145182876007324
22111	-0.12086840765775411
22113	-0.16204094468395328
22115	-0.11922150617670613
22117	-0.1850975654186248
22119	-0.3135558809403662
22121	-0.37037398203652105
22123	-0.3530815164855174
22125	-0.3530815164855174
22127	-0.17521615653233702
23001	-0.05431421251187453
23003	-0.275677146876263
23005	0.15303189490903601
23007	-0.30243929594329244
23009	-0.2881465438041976
23011	-0.16039404320290535
23013	-0.28144130205993084
23015	-0.3124579466196676
23017	-0.3519189977930129
23019	-4.948812247935954E-4
23021	-0.35872803584911045
23023	-0.2888523587246467
23025	-0.30235695086924
23027	-0.35637531944761336
23029	-0.3893133490685726
23031	-0.21813852638214962
24001	-0.1356905209871858
24003	0.08050272797947457
24005	0.5706154011457335
24009	-0.1665699237568352
24011	-0.37086805248083543
24013	-0.0558791415210151
24015	-0.23719953954632417
24017	-0.17850995949443293
24019	-0.2888523587246467
24021	-0.1011055898851784
24023	-0.31026207797827027
24025	-0.103445923568773
24027	-0.01563140301878905
24029	-0.27995909072698766
24031	0.3024601321298028
24033	-0.00988331516664357
24035	-0.30187785225657154
24037	-0.18509756541862482
24039	-0.35505779826277495
24041	-0.03490015034705022
24043	0.0125306123071312
24045	-0.05359881639341024
24047	-0.014917745710334909
24510	1.2399868724006942
25001	-0.1339169347768265
25003	-0.15168899251736606
25005	0.06994960988961435
25007	-0.3175084444948813
25009	0.09466982367439852
25011	-0.24109221577425569
25013	0.11802132879587932
25015	-0.14826685956973393
25017	0.22124792667194354
25019	-0.224623200963776
25021	0.5969171338421916
25023	-0.03045351634822075
25025	1.4888130999185285
25027	-0.004318456691282563
26001	-0.29379306316779064
26003	-0.323437289826654
26005	-0.22412913051946165
26007	0.05205624785228238
26009	-0.34978771352342153
26011	-0.32484891966755225
26013	-0.3926071520306686
26015	-0.206380599942937
26017	0.013428922205884597
26019	0.10739213761549404
26021	-0.11451607337371196
26023	-0.3160262331619381
26025	-0.11922150617670615
26027	-0.3199082152244083
26029	0.0012375735799451313
26031	-0.3012041198325065
26033	-0.308066209336873
26035	-0.27403024539521503
26037	-0.144051713121737
26039	-0.21144798911539228
26041	-0.17521615653233702
26043	-0.21474179207748817
26045	-0.2041545682707513
26047	0.08762931984291851
26049	0.0813597362736876
26051	-0.3530815164855174
26053	-0.32673109278874995
26055	0.07409939075246284
26057	-0.19639060414581086
26059	-0.3489642627828975
26061	-0.23450460985006377
26063	-0.3324203888141884
26065	0.2158053093964802
26067	-0.32882714921917466
26069	-0.25673777984421137
26071	-0.3399063046371336
26073	-0.19893153785942774
26075	-0.1277853938781556
26077	0.19434853581482672
26079	-0.3079093615767731
26081	0.3833922395706202
26083	-0.29379306316779064
26085	0.019118218231323054
26087	-0.26938017062519726
26089	0.11529726472452433
26091	-0.27577402343397167
26093	-0.17579741587858919
26095	-0.28391165428150283
26097	-0.39063087025341103
26099	0.3435578099977725
26101	-0.35061116426394545
26103	0.22794532602820525
26105	-0.18839136838072076
26107	-0.2915971945263933
26109	-0.39260715203066865
26111	-0.012172909908588311
26113	-0.22885809048647074
26115	-0.224005612908383
26117	-0.3045727819528319
26119	-0.3497877135234215
26121	-0.02081914268409013
26123	-0.27403024539521503
26125	0.4085774804695463
26127	-0.3333186987129418
26129	-0.27685350507701145
26131	-0.3991947579548605
26133	-0.3333186987129418
26135	-0.3802553909228088
26137	-0.076402067669459
26139	-0.05861553167414095
26141	-0.1571002402408094
26143	-0.274030245395215
26145	0.005793288066480432
26147	-0.15138452333599586
26149	-0.32640171249254035
26151	-0.35590477616731386
26153	-0.35308151648551744
26155	-0.2588280778778491
26157	-0.32131984506530664
26159	-0.2685405737917218
26161	0.784420668001382
26163	0.35110610845257567
26165	-0.2599139469862324
27001	-0.36493920714906275
27003	0.15399078162661972
27005	-0.1999196787480565
27007	-0.04675784101059564
27009	-0.05828615137793136
27011	-0.3481408120423735
27013	-0.07201033038666443
27015	-0.2970868661298865
27017	-0.24636230051360916
27019	-0.19138573470989886
27021	-0.14623069046589282
27023	-0.35143461500446943
27025	-0.23532806059058775
27027	-0.31026207797827027
27029	-0.25179707540106744
27031	-0.32343728982665404
27033	-0.38382367746507945
27035	-0.21144798911539228
27037	-9.563238090321619E-5
27039	-0.4010769310760582
27041	-0.21897668160018297
27043	-0.38978389234887206
27045	-0.3827257431443808
27047	-0.18386238930783882
27049	-0.1824026357223645
27051	-0.39754785647381247
27053	0.3974759323990388
27055	-0.37449123573914095
27057	0.05205624785228238
27059	-0.22572113528447466
27061	-0.21833503167250196
27063	-0.2952046930086888
27065	-0.3474349971219243
27067	-0.17850995949443293
27069	-0.3975478564738125
27071	-0.372844334258093
27073	-0.31920240030395924
27075	-0.32014348686455807
27077	-0.3827257431443808
27079	-0.31496751078126445
27081	-0.3654332775933772
27083	-0.30226284221318017
27085	-0.2980279526904854
27087	-0.3530815164855174
27089	-0.2789709498383589
27091	-0.3036744720540784
27093	-0.30243929594329244
27095	-0.224623200963776
27097	-0.35397982638427083
27099	-0.28885235872464665
27101	-0.39013679980909666
27103	-0.016015680031033565
27105	-0.29576934494504814
27107	-0.372844334258093
27109	1.3712243341717039
27111	-0.24438601873635163
27113	-0.1653347476460492
27115	-0.32837799426979786
27117	-0.3662567283339011
27119	-0.32714281815901197
27121	-0.12383283032364042
27123	0.6690514187120925
27125	-0.40742926536010027
27127	-0.3036744720540784
27129	-0.2992827347712838
27131	-0.22352526664307737
27133	-0.35061116426394545
27135	-0.3036744720540784
27137	-0.013584539749486568
27139	0.10269846839450741
27141	-0.23821013818242173
27143	-0.3750402028994903
27145	0.08894684102775682
27147	-0.20046864590840585
27149	-0.125809112100898
27151	-0.38766644758752467
27153	-0.33896521807653485
27155	-0.4024885609169564
27157	-0.35025825680372097
27159	-0.07310826470736308
27161	-0.38107884166333283
27163	0.17295819187274486
27165	-0.3629629253718052
27167	-0.3580222209286613
27169	-0.26524677082962583
27171	-0.2707364424331191
27173	-0.3474349971219243
28001	0.3386171055546286
28003	0.0026492034208434045
28005	-0.3777850387012369
28007	-0.24767982169844757
28009	-0.3714327044171947
28011	-0.05466296811962584
28013	-0.3886545884761535
28015	-0.06981446174526713
28017	-0.36049257315023325
28019	-0.39063087025341103
28021	-0.3827257431443808
28023	0.255613270909811
28025	-0.15051263431661752
28027	-0.076402067669459
28029	-0.3761381372201889
28031	-0.06899101100474311
28033	-0.06405030656159927
28035	0.35590957110563226
28037	-0.18180376245652885
28039	-0.2987337676109345
28041	-0.32014348686455807
28043	-0.21144798911539228
28045	-0.30071004938819207
28047	0.0012375735799451532
28049	0.2580836231313831
28051	-0.37037398203652105
28053	-0.2937930631677906
28055	-0.1208684076577541
28057	-0.3256331584680513
28059	-0.07336163416598585
28061	-0.3827257431443808
28063	-0.0220543187948761
28065	-0.35110523470825983
28067	0.12561784733909157
28069	-0.29132271094621864
28071	-0.14433675376268762
28073	0.5708302143823919
28075	0.002649203420843377
28077	-0.37284433425809305
28079	-0.2147417920774882
28081	-0.0961648854420346
28083	0.5263638743940968
28085	-0.27567714687626294
28087	-0.08628347655574682
28089	-0.184109424529996
28091	-0.3497877135234215
28093	-0.3020275705730304
28095	-0.3012041198325064
28097	-0.20156658022910445
28099	-0.17027545208919312
28101	-0.3855490028261773
28103	-0.37284433425809305
28105	-0.17192235357024108
28107	-0.2601962729544121
28109	-0.3016981902768209
28111	-0.26167848428735524
28113	-0.07640206766945903
28115	0.1391923080313657
28117	-0.34155320611818163
28119	-0.2196824965206321
28121	-0.07640206766945902
28123	-0.3559047761673139
28125	-0.38766644758752467
28127	-0.3012041198325064
28129	-0.3036744720540784
28131	-0.3555518687070893
28133	-0.30226284221318017
28135	-0.29576934494504814
28137	-0.3003806690919825
28139	-0.323437289826654
28141	-0.3629629253718052
28143	-0.3827257431443808
28145	-0.27798280894973015
28147	-0.36296292537180525
28149	0.1311075189425848
28151	-0.14804228209504555
28153	-0.33331869871294184
28155	-0.38025539092280886
28157	-0.3629629253718052
28159	-0.26414883650892723
28161	-0.3761381372201889
28163	-0.3333186987129418
29001	0.10146329228372139
29003	0.22992160780546275
29005	-0.39590095499276456
29007	-0.2493267231794955
29009	-0.27403024539521503
29011	-0.3399063046371336
29013	-0.36790362981494906
29015	-0.2819353725042453
29017	-0.4123699698032442
29019	0.5757709188255358
29021	0.053467877693180635
29023	0.46707542107637
29025	-0.35308151648551744
29027	0.2882219202345608
29029	-0.17631409085303565
29031	0.1442827307909685
29033	-0.35308151648551744
29035	0.07675977006800191
29037	-0.2964879928640509
29039	-0.36296292537180525
29041	-0.36493920714906275
29043	-0.3076270356085935
29045	-0.3777850387012369
29047	0.08828808043533763
29049	-0.3417884777583313
29051	0.6251779632569748
29053	-0.35308151648551744
29055	-0.3008512123722819
29057	-0.39260715203066854
29059	-0.23697496207163576
29061	-0.2878642178360179
29063	-0.3135558809403662
29065	0.11463850413210512
29067	-0.3283779942697979
29069	-0.3036744720540784
29071	-0.15904657835477515
29073	-0.3366125016750378
29075	-0.3959009549927645
29077	0.43063772580818377
29079	-0.3283779942697979
29081	-0.38025539092280886
29083	-0.24438601873635157
29085	-0.4123699698032442
29087	-0.4024885609169564
29089	-0.35308151648551744
29091	-0.056639249896883404
29093	-0.3893133490685727
29095	0.021202052758363336
29097	0.17941662905332517
29099	-0.2130948905964402
29101	-0.3272378317059955
29103	-0.4024885609169564
29105	-0.12910291506299396
29107	-0.35637531944761336
29109	-0.3098503526080083
29111	-0.4024885609169564
29113	-0.31973176149429605
29115	-0.3366125016750378
29117	-0.26744263947102315
29119	-0.39458343380792615
29121	-0.35901036181729007
29123	-0.00229150102230051
29125	-0.10604629432832242
29127	0.005943006382939302
29129	-0.3926071520306686
29131	-0.23203425762849184
29133	-0.1455719298734736
29135	-0.34649391056132556
29137	-0.4024885609169564
29139	-0.33331869871294184
29141	-0.3700210745762965
29143	-0.2522911458453818
29145	0.2680356135097158
29147	-0.2937930631677906
29149	-0.4024885609169564
29151	-0.3926071520306686
29153	-0.4024885609169564
29155	-0.2977456267223057
29157	-0.2690895409520711
29159	-0.22462320096377597
29161	-0.03934678434587974
29163	-0.372844334258093
29165	-0.060591813451398524
29167	-0.28555855576255074
29169	-0.35901036181729007
29171	-0.3629629253718052
29173	-0.19497897430491262
29175	0.0421748389659946
29177	-0.323437289826654
29179	-0.36098664359454763
29181	-0.3481408120423735
29183	0.28831175122443614
29185	-0.37284433425809305
29186	0.022412021193418983
29187	0.02805854055701202
29189	0.5316339591334502
29195	-0.2987337676109345
29197	-0.4024885609169564
29199	-0.372844334258093
29201	-0.24636230051360916
29203	-0.38272574314438074
29205	-0.40742926536010027
29207	-0.25920813206578325
29209	-0.20046864590840582
29211	-0.3530815164855174
29213	-0.12910291506299396
29215	-0.3050861018949767
29217	-0.22709355318534796
29219	-0.33529498049019935
29221	-0.27798280894973015
29223	-0.38272574314438074
29225	-0.36493920714906275
29227	-0.3926071520306686
29229	-0.3580222209286613
29510	0.5981941159136503
30001	-0.2345046098500638
30003	-0.31355588094036624
30005	-0.3135558809403662
30007	-0.3794319401822848
30009	-0.36790362981494906
30011	-0.4123699698032442
30013	0.02241202119341897
30015	-0.39458343380792615
30017	-0.2295639054069199
30019	-0.4024885609169564
30021	-0.3135558809403662
30023	-0.274030245395215
30025	-0.3530815164855174
30027	-0.14557192987347362
30029	0.0476645105694878
30031	0.03370505992060505
30033	-0.4024885609169564
30035	-0.3086151764972223
30037	-0.3827257431443808
30039	-0.29379306316779064
30041	-0.30367447205407844
30043	0.1311075189425848
30045	-0.3926071520306686
30047	-0.32626054950845046
30049	-0.045110939529547624
30051	-0.4024885609169564
30053	-0.27403024539521503
30055	-0.3777850387012369
30057	-0.37778503870123686
30059	-0.4123699698032442
30061	-0.33331869871294184
30063	0.08349709430865265
30065	-0.3530815164855174
30067	0.4868382388489456
30071	-0.372844334258093
30073	-0.29379306316779064
30075	-0.4123699698032442
30077	-0.3580222209286613
30079	-0.3086151764972223
30081	-0.26085503354683126
30083	-0.25426742762263943
30085	-0.34649391056132556
30087	-0.37284433425809305
30089	-0.38601954610647676
30091	-0.3827257431443808
30093	0.07840667154904984
30095	-0.3777850387012369
30097	-0.3926071520306686
30099	-0.34649391056132556
30101	-0.31355588094036624
30103	-0.3926071520306686
30105	-0.3530815164855174
30107	-0.40742926536010027
30109	-0.4024885609169564
30111	0.31007081321646385
31001	-0.16533474764604922
31003	-0.3761381372201889
31011	-0.3753146864796649
31013	-0.3135558809403662
31015	-0.4098996175816722
31017	-0.3926071520306686
31019	-0.0735788079876625
31021	-0.4000182086953844
31023	-0.12910291506299396
31025	-0.38601954610647676
31027	-0.3975478564738126
31029	-0.3530815164855174
31031	-0.30367447205407844
31033	-0.2345046098500638
31035	-0.1317379574326707
31037	-0.2364808916273214
31039	-0.39041128338927134
31041	-0.3313424169356843
31043	-0.3382594031560857
31045	-0.36790362981494906
31047	-0.34649391056132556
31049	-0.4123699698032442
31051	-0.4005122791396988
31053	-0.2345046098500638
31055	0.26476657598342507
31057	-0.3530815164855174
31059	-0.37037398203652105
31061	-0.3991947579548605
31063	-0.4123699698032442
31065	-0.4024885609169564
31067	-0.341223825821972
31069	-0.4090761668411482
31071	-0.3530815164855174
31073	-0.37119743277704503
31077	-0.4123699698032442
31079	0.018459457638903887
31081	-0.3399063046371337
31083	-0.3135558809403662
31087	-0.4123699698032442
31089	-0.35308151648551733
31091	-0.3926071520306686
31093	-0.0566392498968834
31095	-0.25756123058473535
31097	-0.3432001075992296
31099	-0.06652065878317122
31101	-0.3086151764972223
31103	-0.4123699698032442
31105	-0.3530815164855174
31107	-0.38837226250797385
31109	0.004113115848441571
31111	-0.175216156532337
31115	-0.3530815164855174
31117	-0.4123699698032442
31119	-0.09616488544203457
31121	-0.31684968390246215
31123	-0.3629629253718052
31125	-0.4024885609169564
31127	-0.3761381372201889
31129	-0.3629629253718052
31131	-0.35061116426394545
31133	-0.3926071520306686
31135	-0.274030245395215
31137	-0.1850975654186248
31139	-0.13569052098718576
31141	-0.24636230051360916
31143	-0.14227812691137764
31145	-0.2345046098500638
31147	-0.3432001075992296
31149	-0.372844334258093
31151	-0.35061116426394545
31153	-0.2402687650337317
31155	-0.19662587578596058
31157	-0.0022915010223004684
31159	-0.3662567283339011
31161	-0.3959009549927645
31163	-0.4090761668411482
31165	-0.06652065878317119
31167	-0.034900150347050206
31169	-0.3926071520306686
31173	-0.3886545884761535
31175	-0.3184965853835101
31177	-0.1966258757859606
31179	-0.38519609536595273
31181	-0.3975478564738125
31183	-0.4123699698032442
31185	-0.34484700908027754
32001	-0.0813427721126029
32003	0.19635889141583002
32005	-0.20344875335030213
32007	-0.175216156532337
32009	-0.4123699698032442
32011	-0.3926071520306686
32013	-0.17521615653233702
32015	-0.4024885609169564
32017	-0.29379306316779064
32019	-0.27073644243311906
32021	-0.3975478564738125
32023	-0.2765005976167869
32027	-0.17521615653233702
32029	-0.08134277211260289
32031	0.22902329790670936
32033	-0.3794319401822848
32510	0.17656199981950865
33001	-0.26110840300545407
33003	-0.2861075229229001
33005	-0.2661251182861847
33007	-0.34679334719424343
33009	-0.05815946664861996
33011	0.0860235908988967
33013	-0.043934581328799086
33015	-0.02868897904709793
33017	-0.11526894262219103
33019	-0.3036744720540784
34001	0.09592970330740025
34003	0.1430233355407553
34005	0.09295430129830695
34007	0.33407699876903685
34009	-0.22462320096377605
34011	0.010334743665733911
34013	0.2937707113783993
34015	-0.017972867298365936
34017	0.22585279238169723
34019	-0.18466793894530795
34021	0.17458571804225115
34023	0.2977440051613473
34025	0.10295482570051957
34027	-0.016198669084483315
34029	0.24276743935763695
34031	0.03314040798424574
34033	-0.13569052098718584
34035	0.05804498051063865
34037	-0.2558276500783691
34039	0.14859001158755555
34041	-0.14248398959650865
35001	0.4009722030094792
35003	-0.3926071520306686
35005	0.12781371598048882
35006	-0.3646098268528532
35007	-0.3456704598208016
35009	-0.2522911458453818
35011	-0.3827257431443808
35013	-0.1037659692007175
35015	-0.043464038048499666
35017	-0.18180376245652888
35019	-0.372844334258093
35021	-0.3777850387012369
35023	-0.3629629253718052
35025	-0.26019627295441206
35027	-0.3372712622674569
35028	0.170633154487736
35029	-0.2147417920774882
35031	-0.07640206766945903
35033	-0.3926071520306686
35035	-0.24156275905455507
35037	-0.3827257431443808
35039	-0.3206140301448575
35041	-0.3555518687070893
35043	-0.23549275073869258
35045	0.07511286858695394
35047	-0.2147417920774882
35049	0.07181906562485799
35051	-0.29379306316779064
35053	-0.27403024539521503
35055	-0.3157517495817635
35057	-0.3777850387012369
35059	-0.3432001075992296
35061	-0.26414883650892723
36001	0.12710154236706275
36003	-0.3069682750161744
36005	0.5683598621608199
36007	-0.07557861692893501
36009	-0.275265421506001
36011	-0.18405741711480503
36013	-0.23799216592757713
36015	0.02340016208204776
36017	-0.28830339156429735
36019	-0.2412980784593867
36021	-0.3124579466196675
36023	-0.24438601873635163
36025	-0.31704343701787957
36027	0.018231425126143338
36029	0.17783485926926776
36031	-0.3340245136333909
36033	-0.23326943373927783
36035	-0.2066570029887073
36037	-0.3175084444948813
36039	-0.3647067034105618
36041	-0.4041354623980044
36043	-0.034680563482910515
36045	-0.23043579442629825
36047	0.8041412575308539
36049	-0.17065550627712722
36051	-0.33716146883538706
36053	-0.2919402990016116
36055	0.18940783137168288
36057	-0.28999252128844916
36059	0.47471704394843234
36061	1.4896365506590525
36063	-0.21786223698894752
36065	-0.15699730889824384
36067	0.09716702755055287
36069	-0.1610998581233544
36071	-0.09674614478828683
36073	-0.3357890509345138
36075	-0.27967676475880804
36077	-0.17885667559570617
36079	-0.07357880798766248
36081	0.2371873496336155
36083	-0.17583374458773005
36085	0.6391766258458825
36087	-0.04561767844679316
36089	-0.29755740941018594
36091	-0.09945868840413054
36093	-0.01595109565922775
36095	-0.37366778499861697
36097	-0.3432001075992296
36099	-0.17398098042155102
36101	-0.21540055266990737
36103	0.08931739386099269
36105	-0.29379306316779064
36107	-0.25536536194333803
36109	-0.09945868840413052
36111	-0.2651051018850195
36113	-0.06202910928940402
36115	-0.26767791111117284
36117	-0.22338802485299003
36119	0.1026815481738117
36121	-0.3555518687070894
36123	-0.11790398499186774
37001	-0.060591813451398524
37003	0.3919767135405827
37005	-0.2937930631677906
37007	-0.3596691224097093
37009	-0.3357890509345137
37011	-0.3319070688720435
37013	-0.29489099748848924
37015	-0.2994395825313836
37017	-0.35936968577679146
37019	0.19419651413965314
37021	0.35096886666248844
37023	0.20255770627420427
37025	0.30040899119431574
37027	0.1980815125052021
37029	0.8919760031867454
37031	-0.21923334157125537
37033	-0.25797295595499736
37035	0.12198621843216526
37037	0.0026492034208433954
37039	-0.2098010876343443
37041	-0.31108552871879425
37043	-0.07640206766945902
37045	-0.17916872008685214
37047	-0.30285102131355446
37049	0.10256122660442002
37051	0.014610908914770723
37053	-0.4041354623980044
37055	-0.30120411983250645
37057	0.21914188902042156
37059	-0.08463657507469884
37061	-0.3333186987129418
37063	0.761870786183956
37065	0.4848619570716882
37067	0.5513026682499661
37069	-0.2661251182861848
37071	-0.020201554628697126
37073	-0.40742926536010027
37075	-0.26414883650892723
37077	-0.22023146368098143
37079	-0.09616488544203462
37081	0.21494011691334905
37083	-0.24068049040399364
37085	-0.2588787517695737
37087	0.056291137374977145
37089	-0.016290163611208233
37091	-0.3036744720540784
37093	0.34285199507732333
37095	-0.3761381372201889
37097	0.04135138822547058
37099	-0.14227812691137767
37101	0.0392685422347335
37103	0.24968442557803835
37105	-0.1011055898851785
37107	-0.2217999412819795
37109	-0.23889634713285834
37111	0.0026492034208434045
37113	-0.08298967359365088
37115	-0.29626341538936257
37117	-0.23591623969096204
37119	0.5829074919100771
37121	-0.2493267231794955
37123	-0.3886545884761535
37125	0.028176176377086855
37127	-0.18368593557772656
37129	0.8886822002246496
37131	-0.3954304117124651
37133	-0.17603960727286094
37135	0.7285527023750625
37137	-0.24636230051360913
37139	0.8919760031867454
37141	0.4534884838577244
37143	-0.31108552871879425
37145	-0.16138218409153407
37147	0.3149017242275379
37149	-0.018760515832780187
37151	-0.0319357276811639
37153	-0.2855585557625508
37155	-0.1141310834171033
37157	-0.242409736959094
37159	-0.1498950462612245
37161	-0.1521595357976655
37163	-0.26579573798997513
37165	-0.21144798911539228
37167	-0.25179707540106744
37169	-0.20203712350940387
37171	0.01006026008555927
37173	-0.2789709498383589
37175	-0.22627010244482396
37177	-0.4123699698032442
37179	-0.003114951762824484
37181	-0.09616488544203461
37183	0.36395405141690507
37185	-0.4041354623980044
37187	-0.35308151648551744
37189	-0.11592770321461018
37191	-0.12031944049740478
37193	-0.13173795743267067
37195	-0.22013165147000882
37197	-0.34912895293100227
37199	-0.25426742762263943
38001	-0.3629629253718052
38003	-0.31684968390246215
38005	-0.321790388345606
38007	-0.4123699698032442
38009	-0.3926071520306686
38011	-0.3629629253718052
38013	-0.3901367998090966
38015	0.3571447472164183
38017	0.21227623479423458
38019	-0.3777850387012369
38021	-0.36719781489449993
38023	-0.3827257431443808
38025	-0.2779828089497301
38027	-0.3432001075992296
38029	-0.11098699877146631
38031	-0.3432001075992296
38033	-0.40742926536010027
38035	0.02982307785813485
38037	-0.4024885609169564
38039	-0.3530815164855174
38041	-0.4123699698032442
38043	-0.3975478564738125
38045	-0.3629629253718052
38047	-0.3959009549927645
38049	-0.375314686479665
38051	-0.3926071520306686
38053	-0.38766644758752467
38055	-0.3959009549927645
38057	-0.36296292537180525
38059	-0.3160262331619382
38061	-0.37849085362168605
38063	-0.4024885609169564
38065	-0.3580222209286613
38067	-0.3893133490685727
38069	-0.3555518687070894
38071	-0.3135558809403662
38073	-0.35637531944761336
38075	-0.39590095499276456
38077	-0.36419810148259124
38079	-0.34320010759922964
38081	-0.36493920714906275
38083	-0.4123699698032442
38085	-0.4024885609169564
38087	-0.38766644758752467
38089	-0.274030245395215
38091	-0.3827257431443808
38093	-0.2206706374092609
38095	-0.372844334258093
38097	-0.3580222209286613
38099	-0.3679036298149491
38101	-0.08628347655574678
38103	-0.3609866435945477
38105	-0.2819353725042452
39001	-0.37425596409899126
39003	-0.11825274059961911
39005	-0.3049096481648644
39007	-0.2727950692844291
39009	-0.20486038319120042
39011	-0.32273147490620485
39013	-0.3355145673543391
39015	-0.34567045982080147
39017	0.08638114187833475
39019	-0.3796853096409076
39021	-0.27133531569895475
39023	-0.20746075395074984
39025	-0.20046864590840585
39027	-0.2686403860026943
39029	-0.22338802485299006
39031	-0.28250002444060457
39033	-0.10505815343969363
39035	0.7725168279007305
39037	-0.34752322398698055
39039	-0.16286439542447725
39041	0.11924982827903945
39043	-0.06355623611728486
39045	-0.10341125195864566
39047	-0.2822647528004549
39049	0.6041536890308307
39051	-0.3254135716039116
39053	-0.10407001255106482
39055	0.010883710826083233
39057	-0.0482400523435388
39059	-0.3009795423578181
39061	0.2859162581610937
39063	-0.19639060414581086
39065	-0.37464095405559994
39067	-0.32014348686455807
39069	-0.24240973695909407
39071	-0.3474349971219244
39073	-0.0974000615528206
39075	-0.3567870448178754
39077	-0.28638200650307477
39079	0.14691777316064528
39081	-0.29441065122318355
39083	-0.3045727819528319
39085	0.20110083188712338
39087	-0.32837799426979786
39089	-0.15244595344654338
39091	-0.31355588094036624
39093	-0.05619009494750669
39095	0.24626393788663112
39097	-0.1839996310979262
39099	-0.09023604011026193
39101	-0.125809112100898
39103	-0.06793228862406944
39105	-0.37943194018228493
39107	-0.32261383908613
39109	-0.1554533387597614
39111	-0.3794319401822848
39113	0.10909892642312564
39115	-0.3783340058615862
39117	-0.21474179207748817
39119	-0.14467361997472014
39121	-0.38601954610647665
39123	-0.2330929800091656
39125	-0.2592081320657833
39127	-0.369550531295997
39129	-0.2848099641802562
39131	-0.0368764321243078
39133	-0.17363513111053094
39135	-0.3008512123722819
39137	-0.3629629253718052
39139	-0.14615318921972587
39141	-0.06212892150037662
39143	-0.28923241291258084
39145	-0.19497897430491262
39147	-0.2611844138430409
39149	-0.28720545724359875
39151	-0.10123912243769592
39153	0.12145068753098533
39155	-0.14063122543032971
39157	-0.2990631479071441
39159	0.06193765673857021
39161	-0.33473032855384005
39163	-0.35110523470825983
39165	-0.009702557687016356
39167	-0.19801940780838578
39169	-0.21204686238122789
39171	-0.20595831751189903
39173	-0.20140189008099968
39175	-0.3613160238907573
40001	-0.33002489575084587
40003	-0.3596691224097093
40005	-0.37284433425809305
40007	-0.4024885609169564
40009	-0.224623200963776
40011	-0.3901367998090966
40013	-0.23697496207163574
40015	-0.39119552218977033
40017	-0.23821013818242173
40019	-0.15827659844155792
40021	-0.19744932652648456
40023	-0.29379306316779064
40025	-0.3975478564738125
40027	-0.010138502196705519
40029	-0.372844334258093
40031	-0.1060462943283224
40033	-0.3926071520306686
40035	-0.19744932652648456
40037	-0.2572318502885257
40039	-0.24109221577425566
40041	-0.3121442510994679
40043	-0.3991947579548605
40045	-0.3432001075992296
40047	0.024882373414990958
40049	-0.34912895293100227
40051	-0.27120698571341845
40053	-0.3975478564738125
40055	-0.3975478564738125
40057	-0.3827257431443808
40059	-0.3926071520306686
40061	-0.2443860187363516
40063	-0.3679036298149491
40065	0.170633154487736
40067	-0.38766644758752467
40069	-0.040828995678822935
40071	-0.2909698034859941
40073	-0.3654332775933771
40075	-0.38272574314438085
40077	-0.20980108763434432
40079	-0.2345046098500638
40081	-0.3343068396015706
40083	-0.23697496207163574
40085	0.005119555642415341
40087	-0.13404361950613786
40089	-0.3609866435945476
40091	-0.30367447205407844
40093	-0.372844334258093
40095	0.16075174560144817
40097	-0.33084834649136985
40099	-0.35308151648551744
40101	-0.060591813451398524
40103	-0.1521595357976655
40105	0.055350050814378306
40107	-0.3016981902768209
40109	0.11845238124611097
40111	-0.2863820065030747
40113	-0.2694695951400053
40115	-0.125809112100898
40117	-0.32673109278874995
40119	-0.2283287292961339
40121	-0.06652065878317123
40123	0.2348623122486067
40125	-0.25865916490543395
40127	-0.3481408120423735
40129	-0.21803559503958414
40131	-0.19399083341628381
40133	-0.3003806690919825
40135	-0.3669154889263203
40137	-0.2196824965206321
40139	-0.3366125016750377
40141	-0.38601954610647676
40143	0.23118845509857658
40145	-0.20755531288746074
40147	-0.19744932652648456
40149	-0.30038066909198247
40151	-0.3432001075992296
40153	0.022412021193419
41001	-0.3283779942697979
41003	0.13234269505337082
41005	-0.05371142504168701
41007	-0.26612511828618474
41009	-0.3175084444948813
41011	-0.04478155923333806
41013	1.1982996786616673
41015	-0.2279170039258719
41017	0.6294128527796695
41019	-0.1653347476460492
41021	-0.4123699698032442
41023	-0.3432001075992296
41025	-0.3695505312959971
41027	-0.061579954340027304
41029	0.29767984016857907
41031	-0.3184965853835101
41033	0.014177513788179127
41035	-0.1949789743049126
41037	-0.3679036298149491
41039	0.189298037939613
41041	-0.3160262331619382
41043	-0.20486038319120042
41045	-0.15874714172185733
41047	-0.060799843112162494
41049	-0.26744263947102315
41051	0.45860564203098036
41053	-0.32096693760508205
41055	-0.4024885609169564
41057	-0.3382594031560857
41059	-0.18312128364136723
41061	-0.175216156532337
41063	-0.33331869871294184
41065	-0.16780509986762113
41067	0.29158159925589866
41069	-0.4123699698032442
41071	-0.0022915010223004905
42001	-0.1719223535702411
42003	0.19577693749541902
42005	-0.34964450469898245
42007	-0.12910291506299393
42009	-0.35308151648551744
42011	-0.10368334872507962
42013	-0.035356215372571206
42015	-0.08987671615076052
42017	0.057362930402325846
42019	-0.2394453142932077
42021	-0.18251980657872363
42023	-0.372844334258093
42025	-0.26538401261971317
42027	-0.14063122543032966
42029	0.026611619970091288
42031	-0.3432001075992296
42033	-0.2340340665697644
42035	-0.2974985915001485
42037	-0.2687094867641369
42039	-0.244856562016651
42041	0.11463850413210512
42043	0.2844841699167042
42045	0.15311611146204387
42047	-0.28144130205993084
42049	-0.09885981513829491
42051	-0.2579729559549973
42053	-0.4024885609169564
42055	-0.17576512369268632
42057	-0.374491235739141
42059	-0.3560459391514037
42061	-0.35431669259630333
42063	-0.28599195088914237
42065	-0.053345446934787454
42067	-0.38052987450298353
42069	-0.08798716774303782
42071	-0.08628347655574681
42073	-0.21309489059644024
42075	0.22992160780546278
42077	0.42030341901460777
42079	-0.10532326440981359
42081	-0.1380155583721947
42083	-0.2987337676109345
42085	-0.20121986412783127
42087	-0.2848099641802562
42089	-0.2534769149117364
42091	0.2184649018503465
42093	0.35947785764790285
42095	0.15356526641142065
42097	-0.3025765377333797
42099	-0.3692510946630793
42101	0.9714225306324987
42103	-0.3441882484878584
42105	-0.36835278476432587
42107	-0.2535073192467711
42109	-0.35637531944761336
42111	-0.23086409078669454
42113	-0.3982536713942616
42115	-0.3804007057593719
42117	-0.3359537410826185
42119	-0.11222217488225228
42121	-0.27073644243311906
42123	-0.24079277914133784
42125	-0.1888030937509827
42127	-0.3193684744028885
42129	-0.13239671802508982
42131	-0.35857118808901056
42133	0.059857360130930716
44001	-0.059109602118455354
44003	0.28022696213565523
44005	-0.13710215082808405
44007	0.3452047114788205
44009	-0.12580911210089799
45001	-0.12284468943501166
45003	-0.2352104247705129
45005	-0.38601954610647676
45007	-0.10934009729041834
45009	-0.37037398203652105
45011	-0.35308151648551744
45013	0.1409889278288726
45015	0.07840667154904986
45017	-0.13964308454170093
45019	0.5290242537096358
45021	-0.18880309375098273
45023	-0.2888523587246467
45025	-0.23591623969096207
45027	-0.2819353725042452
45029	-0.1949789743049126
45031	0.10739213761549411
45033	-0.24932672317949553
45035	-0.0052559236881868365
45037	-0.33167179723189383
45039	-0.35110523470825983
45041	0.09068357349868018
45043	-0.017113614351732198
45045	0.39489817355913737
45047	0.014177513788179172
45049	-0.35308151648551744
45051	0.14362397019854933
45053	-0.21803559503958414
45055	-0.27951991699870826
45057	-0.17719243830959458
45059	-0.21572993296611695
45061	-0.18933245494131956
45063	-0.008975983504201073
45065	-0.2987337676109345
45067	-0.21803559503958414
45069	-0.28061785131940686
45071	-0.31355588094036624
45073	-0.19497897430491257
45075	-0.22165877829788966
45077	-0.1890501289731399
45079	0.11780562236488965
45081	-0.36719781489449993
45083	0.07231313606917242
45085	-0.17323987475507946
45087	-0.3333186987129418
45089	-0.17027545208919315
45091	-0.017113614351732188
46003	-0.3942540535117165
46005	-0.2542674276226394
46007	-0.3530815164855174
46009	-0.3866783066988959
46011	-0.3121442510994679
46013	0.029823077858134817
46015	-0.35308151648551744
46017	-0.3629629253718052
46019	-0.09945868840413054
46021	-0.4024885609169564
46023	-0.36625672833390116
46025	-0.35308151648551744
46027	-0.30367447205407844
46029	0.7338734610061406
46031	-0.3959009549927645
46033	-0.3767968978126081
46035	0.5066010566215212
46037	-0.37943194018228493
46039	-0.3991947579548605
46041	-0.3893133490685727
46043	-0.3580222209286613
46045	-0.4024885609169564
46047	-0.3580222209286613
46049	-0.38766644758752467
46051	-0.3753146864796649
46053	-0.3382594031560857
46055	-0.3926071520306686
46057	-0.2387394993727586
46059	-0.372844334258093
46061	0.05699695229542631
46063	-0.40742926536010027
46065	-0.1109869987714663
46067	-0.37425596409899126
46069	-0.4024885609169564
46071	-0.4024885609169564
46073	-0.4057823638790523
46075	-0.4024885609169564
46077	-0.3886545884761535
46079	-0.34517638937648715
46081	0.0560088114067975
46083	-0.076402067669459
46085	-0.3629629253718052
46087	-0.3841373729852791
46089	-0.4024885609169564
46091	-0.3629629253718052
46093	0.569183312901344
46095	-0.4024885609169564
46097	-0.3530815164855174
46099	0.19336039492619794
46101	-0.19991967874805652
46103	0.08252392525166984
46105	-0.3893133490685727
46107	-0.4024885609169564
46109	-0.3530815164855174
46111	-0.26085503354683126
46113	-0.3184965853835101
46115	-0.372844334258093
46117	-0.4024885609169564
46119	-0.2048603831912004
46121	-0.3382594031560857
46123	-0.2345046098500638
46125	-0.3849216117857781
46127	-0.10604629432832241
46129	-0.3827257431443808
46135	-0.10357594210675046
47001	0.02570582415551494
47003	-0.019936874033528725
47005	-0.2443860187363516
47007	-0.28391165428150283
47009	0.48025063292475373
47011	0.03426971185696433
47013	-0.28532328412240104
47015	-0.18509756541862482
47017	0.13393077862438132
47019	1.3662836297285599
47021	-0.19695525608217015
47023	-0.3530815164855174
47025	-0.3119089794593182
47027	-0.3629629253718052
47029	0.005943006382939329
47031	-0.08957727951784274
47033	-0.3214610080493965
47035	-0.13569052098718581
47037	0.696484346301268
47039	-0.3333186987129418
47041	-0.28984049961327546
47043	-0.17126359297782187
47045	-0.1811450018641097
47047	-0.19827277726700854
47049	-0.3184965853835101
47051	-0.12827946432246995
47053	-0.3333186987129418
47055	-0.23873949937275857
47057	-0.38519609536595273
47059	-0.16313887900465188
47061	-0.3036744720540784
47063	0.07379534740211555
47065	0.2050350965362935
47067	-0.27403024539521503
47069	-0.33002489575084587
47071	-0.2937930631677906
47073	0.6943478254609895
47075	0.269447243350614
47077	-0.2898404996132755
47079	-0.07393171544788707
47081	-0.17686305801338498
47083	-0.3135558809403662
47085	-0.3530815164855174
47087	0.1459296322720165
47089	-0.20683666496845796
47091	-0.2147417920774882
47093	0.4442459591666706
47095	-0.3926071520306686
47097	-0.2987337676109345
47099	-0.28061785131940686
47101	-0.2997219084995633
47103	-0.1060462943283224
47105	0.18051456337402377
47107	-0.12086840765775413
47109	-0.3497877135234215
47111	-0.3086151764972223
47113	0.2901982020118184
47115	-0.3016981902768209
47117	0.20422994470111452
47119	0.04217483896599461
47121	-0.38766644758752467
47123	-0.24015112921365686
47125	0.017471316750275072
47127	0.0998163908026734
47129	-0.2575612305847353
47131	-0.2592081320657833
47133	0.1541641396772563
47135	-0.3333186987129418
47137	-0.2295639054069199
47139	-0.3761381372201889
47141	0.15745794263935228
47143	-0.3160262331619382
47145	0.07058388951407202
47147	-0.14666986419417227
47149	0.09581677292012834
47151	-0.33529498049019935
47153	-0.32343728982665404
47155	0.11673456056252984
47157	0.21015879003288715
47159	-0.06322685582107528
47161	-0.3184965853835101
47163	0.4625147708211603
47165	0.09597362068022819
47167	-0.23252832807280624
47169	0.45719401219008216
47171	1.0579836724763805
47173	-0.33496560019398974
47175	-0.07887241989103094
47177	-0.12827946432246998
47179	0.21775987379157022
47181	-0.20881294674571554
47183	-0.11592770321461021
47185	-0.15545333875976142
47187	0.3866125201451693
47189	0.35947785764790285
48001	-0.2206706374092609
48003	-0.2048603831912004
48005	0.010554330529873635
48007	-0.17192235357024108
48009	-0.2147417920774882
48011	-0.40495891313852833
48013	-0.3152027824214142
48015	-0.17521615653233702
48017	-0.3481408120423735
48019	-0.34072975537765765
48021	-0.31920240030395924
48023	-0.3629629253718052
48025	-0.3160262331619381
48027	0.2033653214235644
48029	0.21475155754341532
48031	-0.3460233672810261
48033	-0.3827257431443808
48035	-0.3629629253718052
48037	0.44978295552536635
48039	-0.17695993457109369
48041	0.02817617637708689
48043	-0.3184965853835101
48045	-0.4123699698032442
48047	-0.3926071520306686
48049	-0.23779841281215974
48051	-0.3679036298149491
48053	-0.25426742762263943
48055	-0.04181713656745171
48057	-0.18509756541862482
48059	-0.012172909908588306
48061	0.0504093463712344
48063	-0.29379306316779064
48065	-0.4049589131385284
48067	-0.38107884166333283
48069	-0.3382594031560857
48071	-0.14133704035077885
48073	-0.26414883650892723
48075	-0.28391165428150283
48077	-0.19168517134281668
48079	-0.3926071520306686
48081	-0.4090761668411482
48083	-0.3926071520306686
48085	0.2278872000935801
48087	-0.3975478564738125
48089	-0.3481408120423735
48091	-0.07428462290811162
48093	-0.37037398203652105
48095	-0.3827257431443808
48097	-0.20909527271389514
48099	-0.16409957153526322
48101	-0.4123699698032442
48103	-0.38766644758752467
48105	-0.3827257431443808
48107	-0.4024885609169564
48111	-0.3827257431443808
48113	0.3617766576318657
48115	-0.29379306316779064
48117	-0.27403024539521503
48119	-0.3893133490685727
48121	0.10874433041045979
48123	-0.33084834649136985
48125	-0.4123699698032442
48127	-0.3283779942697979
48129	-0.4024885609169564
48131	-0.2962634153893625
48133	-0.3671978148945
48135	0.013765788417917146
48137	-0.1801568609754809
48139	-0.12745601358194594
48141	0.03343359264350923
48143	-0.2592081320657833
48145	-0.39507750425224053
48147	-0.37037398203652105
48149	-0.29996894372172045
48151	-0.34814081204237346
48153	-0.3827257431443808
48155	-0.4123699698032442
48157	0.04559532665740189
48159	-0.23450460985006383
48161	-0.39096025054962064
48163	-0.372844334258093
48165	-0.3629629253718052
48167	-0.007752279617354268
48169	-0.3827257431443808
48171	0.21262914225445914
48173	0.2793286522369018
48175	-0.39507750425224053
48177	-0.32343728982665404
48179	-0.33084834649136985
48181	-0.032923868569792694
48183	-0.003638965870430661
48185	-0.34517638937648715
48187	0.06687836118171406
48189	-0.31108552871879425
48191	-0.372844334258093
48193	-0.28391165428150283
48195	-0.4024885609169564
48197	-0.3926071520306686
48199	-0.3530815164855174
48201	0.3506009418635308
48203	0.0849942774732417
48205	-0.3530815164855174
48207	-0.372844334258093
48209	0.013428922205884642
48211	-0.3629629253718052
48213	-0.30816602154784556
48215	0.06005548361737252
48217	-0.3333186987129418
48219	-0.1554533387597614
48221	-0.06256809522865608
48223	0.1805145633740238
48225	-0.35308151648551744
48227	0.2793286522369018
48229	-0.35637531944761336
48231	-0.23845717340457892
48233	-0.3530815164855174
48235	0.27438794779375786
48237	-0.35308151648551744
48239	-0.323437289826654
48241	-0.3135558809403662
48243	-0.4024885609169564
48245	-0.014207317620471102
48247	-0.4024885609169564
48249	-0.3135558809403662
48251	-0.09526657554328119
48253	0.04217483896599459
48255	-0.2970868661298865
48257	-0.26055559691391345
48259	-0.13239671802508987
48263	-0.3481408120423735
48265	0.12122611005629697
48267	-0.4024885609169564
48269	-0.4123699698032442
48271	-0.3926071520306686
48273	-0.10604629432832241
48275	-0.38766644758752467
48277	0.04876244489018646
48279	-0.39754785647381247
48281	-0.2592081320657833
48283	-0.3827257431443808
48285	-0.3382594031560857
48287	-0.3596691224097093
48289	-0.4090761668411483
48291	-0.3119089794593182
48293	-0.3481408120423735
48295	-0.4123699698032442
48297	-0.3451763893764871
48299	-0.13766680276444335
48303	0.02241202119341898
48305	-0.372844334258093
48307	-0.3530815164855174
48309	-0.10481111821753641
48313	-0.38601954610647676
48315	-0.4057823638790523
48317	-0.2608550335468313
48319	-0.0862834765557468
48321	-0.1801568609754809
48323	0.0026492034208433985
48325	-0.3135558809403662
48327	-0.3827257431443808
48329	-0.11043803161111698
48331	-0.3333186987129418
48333	-0.372844334258093
48335	-0.3629629253718052
48337	-0.10934009729041834
48339	-0.008467381576230377
48341	-0.34649391056132556
48343	-0.3991947579548605
48345	-0.4123699698032442
48347	-0.08430719477848922
48349	-0.20683666496845796
48351	-0.38519609536595273
48353	-0.2048603831912004
48355	0.04529528387745391
48357	-0.32343728982665404
48359	-0.4123699698032442
48361	-0.2888523587246467
48363	-0.20815418615329637
48365	-0.33331869871294184
48367	-0.2208226590844346
48369	-0.3679036298149491
48371	-0.3481408120423735
48373	-0.28061785131940686
48375	0.23189788958272034
48377	-0.3975478564738125
48379	-0.3629629253718052
48381	0.15334068893673233
48383	-0.3926071520306686
48385	-0.4024885609169564
48387	-0.3975478564738125
48389	-0.28391165428150283
48391	-0.3975478564738125
48393	-0.20486038319120042
48395	-0.3866783066988959
48397	-0.0059970293546584424
48399	-0.3926071520306686
48401	-0.3419649314884436
48403	-0.38601954610647676
48405	-0.3926071520306686
48407	-0.3985359973624413
48409	-0.3119089794593182
48411	-0.3926071520306686
48413	-0.4024885609169564
48415	-0.28391165428150283
48417	0.32873569666834074
48419	-0.33331869871294184
48421	-0.4123699698032442
48423	0.07464232530665452
48425	-0.009702557687016347
48427	-0.323437289826654
48429	-0.3372712622674569
48431	-0.4024885609169564
48433	-0.3827257431443808
48435	-0.3530815164855174
48437	-0.38766644758752467
48439	0.160481022070317
48441	0.05095831353158378
48443	-0.4123699698032442
48445	-0.3629629253718052
48447	-0.3975478564738125
48449	-0.1653347476460492
48451	0.11275633101090746
48453	0.15007344890175012
48455	-0.4024885609169564
48457	-0.33331869871294184
48459	-0.16892798724106295
48461	-0.4024885609169564
48463	-0.2937930631677906
48465	0.0421748389659946
48467	-0.37064846561669573
48469	0.20620622647837208
48471	-0.2923814333268923
48473	-0.21191853239569172
48475	-0.3530815164855174
48477	-0.1455719298734736
48479	0.08367675628840335
48481	-0.25673777984421137
48483	-0.3893133490685727
48485	-0.06750879967179998
48487	-0.3333186987129418
48489	-0.32343728982665404
48491	0.22568671828276804
48493	-0.28108839459970625
48495	-0.4024885609169564
48497	-0.29296961242726666
48499	-0.3184965853835101
48501	-0.3926071520306686
48503	-0.2937930631677906
48505	-0.372844334258093
48507	-0.3530815164855174
49001	-0.31355588094036624
49003	-0.23779841281215974
49005	-0.12863237178269452
49007	-0.1455719298734736
49011	0.05123279711175841
49013	-0.007232205465444402
49015	-0.12580911210089799
49017	-0.3530815164855174
49019	-0.26414883650892723
49021	-0.24685637095792357
49023	-0.323437289826654
49025	-0.30367447205407844
49027	-0.3794319401822848
49029	-0.3827257431443808
49031	-0.4123699698032442
49033	-0.3975478564738125
49035	0.2524420280579327
49037	-0.3629629253718052
49039	-0.3313424169356843
49041	-0.32096693760508205
49043	-0.2641488365089272
49045	-0.17850995949443293
49047	-0.1455719298734736
49049	-0.011274600009834872
49051	0.4907908024034608
49053	-0.06075650359950332
49055	-0.4024885609169564
49057	0.250782359898737
50001	-0.2915971945263933
50003	-0.24708094843261194
50005	-0.3360136284092021
50007	0.18574589749029383
50009	-0.3975478564738125
50011	-0.2465818873777489
50013	-0.3991947579548605
50015	-0.2867349139632993
50017	-0.34243999922336127
50019	-0.36649199997405085
50021	-0.2390652601052736
50023	-0.2472923154676127
50025	-0.2633887281330589
50027	-0.33381276915725616
51001	-0.38140822195954244
51003	0.3043228041257476
51005	-0.291816781390533
51007	-0.32343728982665404
51009	-0.34912895293100227
51011	-0.37037398203652105
51013	0.1643449851964619
51015	-0.13898432394928173
51017	-0.3827257431443808
51019	-0.008643835306342646
51021	-0.3254135716039116
51023	-0.2962634153893625
51025	-0.3333186987129418
51027	-0.3756675939398895
51029	-0.29943958253138364
51031	0.11244263549070789
51033	-0.17323987475507946
51035	-0.29818480045058515
51036	0.027352725636562908
51037	-0.3686094447353982
51041	0.32070705194823196
51043	0.01747131675027508
51045	-0.3959009549927645
51047	0.046409728488689385
51049	-0.24438601873635163
51051	-0.3662567283339011
51053	-0.20980108763434432
51057	-0.1850975654186248
51059	0.21500261791832245
51061	-0.25673777984421137
51063	-0.32936613515842666
51065	-0.33924754404471447
51067	0.05600881140679752
51069	0.7180632067880801
51071	-0.372844334258093
51073	-0.21721214429906016
51075	-0.224623200963776
51077	-0.2895581736450958
51079	-0.39458343380792615
51081	-0.25426742762263943
51083	-0.09945868840413052
51085	0.0732306954657562
51087	0.36764374415809903
51089	-0.076402067669459
51091	-0.4024885609169564
51093	-0.3020275705730304
51095	0.5362452832803847
51097	-0.34320010759922964
51099	-0.3580222209286613
51101	-0.3807494613671233
51103	-0.323437289826654
51105	-0.27798280894973015
51107	-0.03811160823509377
51109	-0.34715267115374476
51111	-0.34715267115374476
51113	-0.18312128364136723
51115	-0.1883913683807207
51117	-0.31849658538351006
51119	-0.39507750425224053
51121	-0.09067521383854138
51125	-0.3761381372201889
51127	-0.28720545724359875
51131	-0.31520278242141414
51133	-0.321790388345606
51135	-0.3629629253718052
51137	-0.2421901500949543
51139	-0.3382594031560857
51141	-0.3283779942697979
51143	0.012530612307131178
51145	0.12369646227786894
51147	-0.2921461616867426
51149	-0.08957727951784274
51153	-0.00229150102230055
51155	-0.1850975654186248
51157	-0.15215953579766547
51159	-0.34649391056132556
51161	0.3997021786698623
51163	-0.32014348686455807
51165	-0.1273293288526346
51167	-0.3460233672810261
51169	-0.35872803584911045
51171	-0.3119089794593182
51173	-0.268383726031622
51175	-0.30508610189497665
51177	0.30897287889576514
51179	-0.20486038319120042
51181	-0.3827257431443808
51183	-0.3514346150044694
51185	-0.28391165428150283
51187	-0.10604629432832241
51191	-0.173980980421551
51193	-0.35637531944761336
51195	-0.21474179207748825
51197	-0.24603292021739956
51199	0.1805145633740238
51510	0.03229343007970678
51520	-0.22462320096377603
51530	-0.372844334258093
51540	2.0826857739844256
51550	0.3158898651161667
51570	0.7635176876650039
51580	-0.29379306316779064
51590	0.7388141654492845
51595	-0.09616488544203461
51600	1.356402220842272
51610	1.4873308885855854
51620	-0.007232205465444402
51630	1.1661850997812317
51640	0.3484985144409164
51650	0.05654779734604958
51660	0.6943478254609894
51670	0.220040198919175
51678	0.071819065624858
51680	0.4209621796070269
51683	0.8030433232101551
51685	0.807984027653299
51690	0.7733990965512918
51700	0.5691833129013439
51710	0.4690517028536276
51720	0.318854287782053
51730	0.0026492034208433837
51735	-0.3432001075992296
51740	0.0014140273100574294
51750	0.13110751894258477
51760	0.8842904629418551
51770	0.23239196002703477
51775	1.3926340534253274
51790	-0.08628347655574681
51800	0.11463850413210512
51810	1.1340705209007966
51820	-0.007232205465444402
51830	0.5395390862424806
51840	1.8801168918155253
53001	-0.37482061603535055
53003	0.121226110056297
53005	0.25264884824392475
53007	0.18051456337402377
53009	-0.054992348415835425
53011	0.0947023283088929
53013	-0.39013679980909666
53015	0.08762931984291852
53017	-0.30614482427565043
53019	-0.3629629253718052
53021	-0.17768650875390893
53023	-0.1406312254303297
53025	-0.2767251750914754
53027	-0.2794201047877356
53029	-0.2962634153893625
53031	-0.1780394162141335
53033	0.4442900547032828
53035	0.08240628943159492
53037	-0.175216156532337
53039	-0.36098664359454763
53041	-0.30120411983250645
53043	-0.3717463999373944
53045	-0.2970868661298865
53047	-0.3194847262721389
53049	-0.3827257431443808
53051	-0.33331869871294184
53053	0.028112834012431205
53055	-0.14804228209504555
53057	0.004445823218350242
53059	-0.3456704598208016
53061	0.13388666519185327
53063	0.2537732844275368
53065	-0.3003806690919825
53067	0.1727505992490834
53069	0.15581104115830435
53071	-0.01908989612898977
53073	0.18859935246280468
53075	-0.27403024539521503
53077	0.1105212504294852
54001	0.23980301669175058
54003	-0.22552151086252945
54005	-0.3761381372201889
54007	-0.3761381372201889
54009	0.4255735037539613
54011	0.2437555802462657
54013	-0.3530815164855174
54015	-0.3886545884761535
54017	-0.38766644758752467
54019	-0.1787452311345826
54021	-0.3827257431443808
54023	-0.372844334258093
54025	-0.2493267231794955
54027	-0.3827257431443808
54029	-0.06322685582107528
54031	-0.3761381372201889
54033	-0.1334946523457885
54035	-0.3086151764972223
54037	-0.2970868661298866
54039	0.024882373414990912
54041	-0.07310826470736306
54043	-0.3866783066988959
54045	-0.32220211371586804
54047	-0.37943194018228493
54049	-0.07837834944671654
54051	0.170633154487736
54053	-0.28061785131940686
54055	0.13604822338572867
54057	-0.3662567283339011
54059	-0.3646098268528532
54061	0.34670189464340956
54063	-0.3761381372201889
54065	-0.35637531944761336
54067	-0.28391165428150283
54069	0.11134470117000916
54071	-0.35308151648551744
54073	-0.3926071520306686
54075	-0.39754785647381247
54077	-0.37643757385310683
54079	-0.24548395305705023
54081	-0.1911784324255711
54083	-0.10604629432832241
54085	-0.39013679980909666
54087	-0.32343728982665404
54089	-0.3827257431443808
54091	0.21608763536465986
54093	-0.38766644758752467
54095	-0.4064411244714715
54097	-0.1060462943283224
54099	-0.07228481396683906
54101	-0.3596691224097093
54103	-0.3530815164855174
54105	-0.4024885609169564
54107	0.0014140273100574155
54109	-0.38766644758752467
55001	-0.2406804904039937
55003	-0.24191566651477964
55005	-0.2552555685112682
55007	-0.32563315846805124
55009	0.07511286858695392
55011	-0.3679036298149491
55013	-0.3481408120423735
55015	-0.17225173386645068
55017	-0.005036336824047095
55019	0.04666638845976185
55021	-0.2154005526699074
55023	-0.2789709498383589
55025	0.19151885963375345
55027	-0.19497897430491265
55029	-0.30532137353512634
55031	-0.320143486864558
55033	0.12052029513584786
55035	0.1565168560787534
55037	-0.3893133490685727
55039	-0.11469252710382424
55041	-0.3657861850536017
55043	-0.32343728982665393
55045	-0.26854057379172175
55047	-0.323437289826654
55049	-0.3394945792668717
55051	-0.34320010759922964
55053	-0.2888523587246467
55055	-0.20694067979883993
55057	-0.33529498049019935
55059	-0.10172317794057148
55061	-0.35505779826277495
55063	0.5823585247497278
55065	-0.32343728982665404
55067	-0.3333186987129418
55069	0.22662780484336684
55071	-0.19794339697079896
55073	0.12212441995505043
55075	-0.2946913730665441
55077	-0.24438601873635157
55078	-0.3596691224097093
55079	0.6111993848324703
55081	-0.2883033915642974
55083	-0.3671978148945
55085	-0.05883511853828069
55087	0.03768328947222744
55089	0.024529465954766388
55091	-0.372844334258093
55093	-0.3135558809403662
55095	-0.3199497337491406
55097	-0.07475516618841103
55099	-0.33924754404471447
55101	-0.05663924989688338
55103	-0.3637863761123292
55105	-0.10656636848023228
55107	-0.04428748878902365
55109	-0.24258939893884476
55111	-0.25591432910368733
55113	-0.2888523587246467
55115	-0.32405487788204695
55117	-0.13239671802508984
55119	-0.35802222092866126
55121	-0.374079510368879
55123	-0.37202088351756907
55125	-0.272383343914167
55127	-0.23217957246505494
55129	-0.14839518955527012
55131	-0.10851664654989435
55133	0.17590323922708956
55135	-0.3036744720540784
55137	-0.3036744720540784
55139	0.14169474274932173
55141	0.23541127940895606
56001	-0.1603940432029053
56003	-0.3399063046371336
56005	-0.07969587063155494
56007	-0.38272574314438074
56009	-0.31026207797827027
56011	-0.3959009549927645
56013	-0.19662587578596055
56015	-0.2147417920774882
56017	-0.26908954095207116
56019	-0.25426742762263943
56021	0.1686568727104784
56023	-0.34649391056132556
56025	0.2867397089016177
56027	-0.4123699698032442
56029	0.1113447011700092
56031	-0.35308151648551744
56033	0.5955337365981114
56035	-0.33331869871294184
56037	0.04711554340913848
56039	-0.27403024539521503
56041	-0.2279170039258719
56043	-0.33331869871294184
56045	-0.3662567283339011
66010	-0.07969587063155492
72001	-0.30367447205407844
72003	-0.076402067669459
72005	-0.12976167565541313
72007	-0.30367447205407844
72009	0.0322934300797068
72011	-0.25426742762263943
72013	-0.16368784616500126
72015	-0.32343728982665404
72017	-0.18509756541862482
72019	-0.2443860187363516
72021	0.44461767360753407
72023	0.22004019891917498
72025	0.4317846750539136
72027	-0.14557192987347362
72029	-0.15545333875976142
72031	-0.024524671016448056
72033	0.2623890941461227
72035	-0.022054318794876113
72037	-0.372844334258093
72039	-0.26414883650892723
72041	0.9364423431750405
72043	-0.0665206587831712
72045	-0.31355588094036624
72047	-0.08628347655574681
72049	-0.4123699698032442
72051	-0.056639249896883404
72053	0.3089728788957652
72054	0.12781371598048882
72055	-0.3827257431443808
72057	-0.19168517134281668
72059	-0.31355588094036624
72061	-0.017113614351732198
72063	0.2674709615733564
72065	0.46213471663322603
72067	-0.25426742762263943
72069	0.01253061230713117
72071	-6.445995412525293E-4
72073	-0.3629629253718052
72075	-0.10604629432832241
72077	-0.14557192987347362
72079	-0.25426742762263943
72081	-0.2690895409520711
72083	-0.3530815164855174
72085	-0.14557192987347362
72087	-0.2098010876343443
72089	-0.33331869871294184
72091	0.2826224551989977
72095	-0.3432001075992296
72097	0.18545526781716767
72099	0.022412021193419
72101	0.09899294006214945
72103	-0.3827257431443808
72105	-0.17521615653233702
72107	-0.27403024539521503
72109	-0.3432001075992296
72111	-0.30367447205407844
72113	-0.010196628131330748
72115	-0.2048603831912004
72117	-0.31355588094036624
72119	-0.31355588094036624
72121	-0.19497897430491262
72123	-0.32673109278874995
72125	0.2892100611231896
72127	0.19997794451368156
72129	0.5197762684699049
72131	0.0915818833974336
72133	-0.28885235872464676
72135	-0.14952449342798874
72137	-0.24603292021739956
72139	0.20851188855183922
72141	0.11134470117000918
72143	-0.15545333875976142
72145	-0.1949789743049126
72147	-0.3926071520306686
72149	-0.30367447205407844
72151	-0.18509756541862482
72153	-0.1653347476460492
78010	-0.224623200963776
78030	0.3781427410997798
